time,mode,center_x,center_y,center_z,formation_error,min_obstacle_clearance,min_agent_distance,energy,path_length,max_height,avg_force_norm
0.0,column,-5.4,0.0,1.05,0.794399688893766,4.830749451511088,0.8037115436470766,1.8297747946611065,0.03192920950978327,1.05,2.5543367607826637
0.05,column,-5.379028750374134,0.0,1.05,0.7818693063808836,4.823396900165081,0.8112511674223536,3.6443579983405323,0.09520647248678185,1.05,2.508011864827623
0.1,column,-5.358057500748267,0.0,1.05,0.7639742134581244,4.808708083512252,0.8227954593176942,5.447759021299339,0.18912705137842684,1.05,2.452161464387471
0.15000000000000002,column,-5.337086251122401,0.0,1.05,0.7409868515967561,4.786715690636839,0.8385843312606251,7.2491569502786355,0.3134429207549813,1.05,2.4334416384682003
0.2,column,-5.316115001496534,0.0,1.05,0.7137211781008683,4.757467418011093,0.8589226889660398,9.049882445747484,0.4680206275604963,1.05,2.42409141704172
0.25,column,-5.295143751870668,0.0,1.05,0.6845203282057503,4.720975792151265,0.8854331650001089,10.850142086512875,0.6525000577201507,1.05,2.4144122382825195
0.30000000000000004,column,-5.274172502244802,0.0,1.05,0.6551792148460638,4.677255941209376,0.9190466975674276,12.450180704799546,0.8633349703586474,1.05,2.309215905287233
0.35000000000000003,column,-5.253201252618935,0.0,1.05,0.6259552267188816,4.626325639871144,0.9591048986791278,13.941982208017963,1.0802933194581819,1.05,2.381217044070314
0.4,column,-5.23223000299307,0.0,1.05,0.5981847472584076,4.57545022014811,1.0058875080784782,15.60443291324659,1.3044881775913675,1.05,2.5406605616154527
0.45,column,-5.211258753367202,0.0,1.05,0.5723408545842362,4.524640630039726,1.0584335338326436,17.424965058247388,1.5354381231233534,1.05,2.652975276265834
0.5,column,-5.190287503741336,0.0,1.05,0.5489304823306721,4.473891791850439,1.116308202173629,18.818499852055993,1.773728913192679,1.05,2.1819774721420013
0.55,column,-5.16931625411547,0.0,1.05,0.5281862114679748,4.423198951096544,1.178131425028311,20.074024016687158,2.0192954847709528,1.05,2.0997255613047487
0.6000000000000001,column,-5.148345004489603,0.0,1.05,0.5102340845046281,4.3725588646342795,1.2129201006777965,21.56703387125375,2.270538460836218,1.05,2.265356911587336
0.65,column,-5.127373754863738,0.0,1.05,0.4942487749870731,4.321970846010791,1.1936484892647472,23.230103318288503,2.524454609623543,1.05,2.518906099970861
0.7000000000000001,column,-5.10640250523787,0.0,1.05,0.47976178430701194,4.2718317409438695,1.187848726727571,25.02706321709826,2.7752209977186424,1.05,2.637922221650676
0.75,column,-5.085431255612004,0.0,1.05,0.46767803389149976,4.222158883904149,1.1950855068828556,26.407198762852737,3.0204334055014064,1.05,2.2279709870245967
0.8,column,-5.064460005986138,0.0,1.05,0.45955831955654897,4.1733741912377305,1.2143472827391197,27.747769526356976,3.2601973321739894,1.05,2.1746128143784182
0.8500000000000001,column,-5.043488756360271,0.0,1.05,0.45698822003539,4.125531752366861,1.2439247218153988,29.276196425628832,3.488887154676405,1.05,2.3984389245904807
0.9,column,-5.022517506734406,0.0,1.05,0.4579834737255245,4.082947854650437,1.2858392926170161,30.76137993065496,3.7069317452997343,1.05,2.3483753995429786
0.9500000000000001,column,-5.001546257108539,0.0,1.05,0.461637705655059,4.045435098775545,1.2915074409951104,32.202959182702955,3.91496495423935,1.05,2.2972497882060487
1.0,column,-4.980575007482672,0.0,1.05,0.4676098462304867,4.01278497968035,1.2927835426301544,33.60269737111204,4.11401919988088,1.05,2.2492182590741403
1.05,column,-4.959603757856806,0.0,1.05,0.4751630456824631,3.9847710409831594,1.2681874184928008,34.96522031667087,4.3054264319106235,1.05,2.2107633940582825
1.1,column,-4.93863250823094,0.0,1.05,0.48409015110852077,3.9611518137357518,1.2388344997987704,36.27240448332634,4.491602877115485,1.05,2.1588709725286823
1.1500000000000001,column,-4.917661258605073,0.0,1.05,0.49440457186674347,3.941333446819823,1.205645594826887,37.04848643346715,4.6753453281535835,1.05,1.471964783360597
1.2000000000000002,column,-4.896690008979208,0.0,1.05,0.5056398087351498,3.9240434534270934,1.1707456208587634,37.764599389901825,4.85875494194324,1.05,1.3760179359268876
1.25,column,-4.87571875935334,0.0,1.05,0.5183837506209152,3.9075280470601657,1.1366823650556486,38.48821232932814,5.043941493196689,1.05,1.4241457695716808
1.3,column,-4.854747509727474,0.0,1.05,0.5328707112091261,3.8894056662568266,1.1064107471206688,39.31994443903028,5.232879107363437,1.05,1.6308515583883079
1.35,column,-4.833776260101608,0.0,1.05,0.5493006256370354,3.867250320050223,1.0801193234277153,40.1348345624343,5.424847658462108,1.05,1.6272152477992292
1.4000000000000001,column,-4.812805010475741,0.0,1.05,0.5671735855154956,3.8413066067811643,1.0579142387311422,41.360479746711974,5.613141023545556,1.05,2.0823532311956443
1.4500000000000002,column,-4.791833760849875,0.0,1.05,0.5846419567155426,3.811836750363418,1.0397716590065404,42.562466461917154,5.79733822378687,1.05,2.0460615498022623
1.5,column,-4.770862511224009,0.0,1.05,0.6013026356917772,3.7791176930002903,1.02584559923564,43.741150819561604,5.977105553853815,1.05,2.0070592380531207
1.55,column,-4.749891261598142,0.0,1.05,0.6167320615185716,3.743438061200793,1.016097263274891,44.897179157401204,6.152282120643386,1.05,1.9657784793530524
1.6,column,-4.728920011972276,0.0,1.05,0.6307144706068948,3.7050967997469533,1.010455596832513,46.03154591877835,6.323096697025521,1.05,1.9228767047421038
1.6500000000000001,column,-4.707948762346409,0.0,1.05,0.6431098478799272,3.664400763830016,1.008833164618094,47.13971023771186,6.490854947542726,1.05,1.8720660923551056
1.7000000000000002,column,-4.686977512720543,0.0,1.05,0.6538558425242821,3.6216625328053347,1.0111352108374747,48.22263466220734,6.659487574504912,1.05,1.8281594486111743
1.75,column,-4.666006263094677,0.0,1.05,0.6629500295480573,3.577198405039643,1.0132477917066331,49.12132504759024,6.83363768905594,1.05,1.6746028685395768
1.8,column,-4.645035013468811,0.0,1.05,0.6712597634051829,3.531326534691088,1.0153784733177738,49.98617109885531,7.015304703656439,1.05,1.6334642588428685
1.85,column,-4.624063763842944,0.0,1.05,0.6784796829311822,3.4843520730488695,1.0176322432031353,50.824203654358165,7.205313143671514,1.05,1.5972273039463563
1.9000000000000001,column,-4.603092514217077,0.0,1.05,0.6843551748918724,3.4365668746423825,1.0200418789965864,51.59659498928366,7.403883998535833,1.05,1.5332744139503522
1.9500000000000002,column,-4.582121264591211,0.0,1.05,0.6887477891464459,3.3882494996101595,1.0225976788298528,52.288095469161874,7.610804865056491,1.05,1.45867685065515
2.0,column,-4.561150014965345,0.0,1.05,0.6916207113721096,3.339665354648001,1.0277962430025427,52.812881270366056,7.8219520467449435,1.05,1.2738543182536646
2.0500000000000003,column,-4.540178765339479,0.0,1.05,0.6928029707065979,3.2910669240790646,1.040097835700534,53.98975629396484,8.028815543683681,1.05,1.9394883695512326
2.1,column,-4.519207515713612,0.0,1.05,0.6917572604551785,3.2426960388776553,1.0592411224035578,55.44241058903748,8.224857373413109,1.05,2.1480745522768756
2.15,column,-4.498236266087746,0.0,1.05,0.6899328347096712,3.1947724486036684,1.0849893727560591,56.88637675005926,8.411857361443495,1.05,2.140099820590224
2.2,column,-4.477265016461879,0.0,1.05,0.6873413603410968,3.1474928029347327,1.1031469133554117,58.045637653190994,8.590072012479745,1.05,1.9072973153362436
2.25,column,-4.456293766836013,0.0,1.05,0.684341292653647,3.1010301394299855,1.1112021485555867,59.11732922328477,8.761719129002985,1.05,1.8344842742531828
2.3000000000000003,column,-4.435322517210147,0.0,1.05,0.6810386892968642,3.0555403353099324,1.128427551893353,60.142358005757316,8.928157126010483,1.05,1.85442424611899
2.35,column,-4.414351267584281,0.0,1.05,0.6772988520240659,3.012414930047579,1.1541807365565777,61.105164905498135,9.089581116004798,1.05,1.8904623687980173
2.4000000000000004,column,-4.393380017958413,0.0,1.05,0.6729911904603831,2.9745772500120946,1.184892693617545,62.4766720260213,9.237464372291956,1.05,2.1947758382220783
2.45,column,-4.372408768332547,0.0,1.05,0.668513043886324,2.9436920293935955,1.2168186678354085,63.84250338282557,9.371785030271813,1.05,2.166256011468904
2.5,column,-4.351437518706681,0.0,1.05,0.6634168389031828,2.919713090509372,1.2476054996365225,65.30087790086014,9.491470893160217,1.05,2.202732469361371
2.5500000000000003,column,-4.330466269080814,0.0,1.05,0.6577642845106927,2.9026266370031033,1.2352431964505748,66.70662064517936,9.597809044070326,1.05,2.131432625254159
2.6,column,-4.309495019454948,0.0,1.05,0.6514590191077363,2.892273056254804,1.2031440763271157,67.95891910942044,9.693168687819162,1.05,1.9964066323142888
2.6500000000000004,column,-4.288523769829082,0.0,1.05,0.6446510611331611,2.8881870469596267,1.1669664956456174,69.13666652209976,9.787669072775397,1.05,1.9994794248076773
2.7,column,-4.267552520203215,0.0,1.05,0.6377292543597187,2.889894124782706,1.1315672311154106,70.4264302347846,9.885165200732143,1.05,2.2700506721842126
2.75,column,-4.24658127057735,0.0,1.05,0.6321941976739011,2.8969131327217905,1.1057313660858832,71.71848726498523,9.968267642177487,1.05,2.232269379895354
2.8000000000000003,column,-4.225610020951482,0.0,1.05,0.6273712553536407,2.9087585808806873,1.0892639166772977,73.10813644804914,10.036992494014997,1.05,2.2968684651571794
2.85,column,-4.204638771325617,0.0,1.05,0.6239696645945119,2.9249429032658316,1.0819857564771131,74.3770772695495,10.106207931914778,1.05,2.1837213374297315
2.9000000000000004,column,-4.18366752169975,0.0,1.05,0.622021462820645,2.9449786964230604,1.0786827664511662,75.55147150085904,10.182140681124274,1.05,2.0920870513062586
2.95,column,-4.162696272073883,0.0,1.05,0.6209991437294539,2.9683809795967058,1.0790309908059985,76.3059585248191,10.267937056605886,1.05,1.7016009378179493
3.0,column,-4.141725022448018,0.0,1.05,0.62016478340373,2.994669491908775,1.0887333544621625,76.98820084976751,10.357469565109731,1.05,1.604520151087198
3.0500000000000003,column,-4.120753772822151,0.0,1.05,0.620101696176279,3.023371021232009,1.107776299663445,77.76122620191101,10.447848252698128,1.05,1.6005791292268063
3.1,column,-4.099782523196285,0.0,1.05,0.6198488896441834,3.0527658788009866,1.13609607449952,78.79373411306877,10.535162413126447,1.05,1.898618518669025
3.1500000000000004,column,-4.078811273570418,0.0,1.05,0.6196323688654286,3.080341073486469,1.1338960900459063,80.05244245802544,10.62330964733499,1.05,2.1930108452404546
3.2,column,-4.057840023944552,0.0,1.05,0.6199140512310708,3.103356124513528,1.1245316645711934,81.24404690883011,10.715768946144209,1.05,2.061384064724447
3.25,column,-4.036868774318686,0.0,1.05,0.6204752367841444,3.1204650344261786,1.1291544085233725,82.80183555603706,10.804540511175022,1.05,2.4224923289491853
3.3000000000000003,column,-4.015897524692819,0.0,1.05,0.6205668287821545,3.131724079930647,1.1418372209882082,83.58191441636784,10.891883844221937,1.05,1.6719813474305145
3.35,column,-3.9949262750669527,0.0,1.05,0.6214475276265723,3.1372309748065144,1.1561770920052976,84.45343683871218,10.97014899962589,1.05,1.7314805864368488
3.4000000000000004,column,-3.9739550254410863,0.0,1.05,0.6239395908179097,3.137119451936119,1.1696766779012868,85.3416183305084,11.03664931616336,1.05,1.7405462373859966
3.45,column,-3.9529837758152193,0.0,1.05,0.629564328135292,3.1327671234804697,1.1797855429611213,86.25237201851611,11.094763693244559,1.05,1.7123333074986147
3.5,column,-3.9320125261893537,0.0,1.05,0.6381627224005405,3.12537858693094,1.1854436794775827,87.12927292113422,11.150019439203918,1.05,1.6466991077585251
3.5500000000000003,column,-3.9110412765634868,0.0,1.05,0.6487366412164588,3.115758168243053,1.1861669216098314,87.97642494731927,11.207206580718253,1.05,1.596062995613393
3.6,column,-3.8900700269376207,0.0,1.05,0.6601631302227602,3.1043395628262145,1.1819130455268245,89.10918696913467,11.266940327668287,1.05,1.9056918711942399
3.6500000000000004,column,-3.8690987773117542,0.0,1.05,0.6708372507870175,3.0912262060272457,1.1840779815235203,89.89912364846232,11.325314266794159,1.05,1.629571463242776
3.7,column,-3.8481275276858877,0.0,1.05,0.6804628393955137,3.076218407624377,1.191833518081983,90.58043422132238,11.391574757857068,1.05,1.508940329852233
3.75,column,-3.8271562780600217,0.0,1.05,0.68912039943,3.0595464139458466,1.203724079595998,91.14195151701612,11.467286780690081,1.05,1.3444728695597
3.8000000000000003,column,-3.8061850284341547,0.0,1.05,0.6968395279106117,3.0417643312702163,1.2166185433316723,91.60395413703519,11.552396265865937,1.05,1.1717334446709526
3.85,column,-3.7852137788082887,0.0,1.05,0.7035803714833435,3.0235776589826155,1.2089716182655503,91.9342949240899,11.645220428696977,1.05,0.9816954164807778
3.9000000000000004,column,-3.764242529182422,0.0,1.05,0.709400438132805,3.0056849187939285,1.1880036126892224,92.17173282662422,11.742674935738208,1.05,0.8171584464121235
3.95,column,-3.743271279556556,0.0,1.05,0.714355231382185,2.9886767250694044,1.1524847675932401,92.48349616510019,11.841222369789051,1.05,1.0286123562935328
4.0,column,-3.7223000299306896,0.0,1.05,0.7185186568407118,2.972992688657924,1.1264143844037315,93.08631834700974,11.938480178511023,1.05,1.3904788612834735
4.05,column,-3.7013287803048236,0.0,1.05,0.7218672417616993,2.9589168043466705,1.1052392416836385,93.42277856325099,12.029802813412656,1.05,1.0412652993430798
4.1000000000000005,column,-3.680357530678957,0.0,1.05,0.7252803771412051,2.946591621171369,1.0887127158125796,93.70258703213135,12.117476805655475,1.05,0.9693643054661758
4.15,column,-3.65938628105309,0.0,1.05,0.7286850645039766,2.9360386546906163,1.0768892032900943,93.91480056719585,12.203363086418477,1.05,0.8412921667763449
4.2,column,-3.638415031427224,0.0,1.05,0.7320950518902954,2.927164978672466,1.0698331817734186,94.07192572074123,12.289041059038869,1.05,0.7120472655467494
4.25,column,-3.6174437818013576,0.0,1.05,0.7355501999507034,2.9197925611424305,1.0675725874243933,94.20313017605348,12.375648755971138,1.05,0.6429217130834189
4.3,column,-3.5964725321754916,0.0,1.05,0.7390933875900328,2.9137278329880667,1.0700366439561568,94.3442452598172,12.463939280144597,1.05,0.7125050961039271
4.3500000000000005,column,-3.575501282549625,0.0,1.05,0.7427971434666809,2.908675633047374,1.0769933238875524,94.52526596639076,12.5544157003652,1.05,0.7746621605904627
4.4,column,-3.5545300329237586,0.0,1.05,0.746752757431973,2.9042836232528835,1.088014766707466,94.74442908205646,12.647566420669461,1.05,0.7852195707559562
4.45,column,-3.533558783297892,0.0,1.05,0.751044409011156,2.900153669424803,1.102580748340543,94.96045652912686,12.74376373127897,1.05,0.7373744457180889
4.5,column,-3.512587533672026,0.0,1.05,0.7557648416404695,2.895857973752192,1.1201952869201441,95.12496920633865,12.843104478976061,1.05,0.6643609674060192
4.55,column,-3.4916162840461595,0.0,1.05,0.7610178413469015,2.890962454790311,1.1402940554558356,95.23196138391681,12.945770444589215,1.05,0.5778801859417132
4.6000000000000005,column,-3.470645034420293,0.0,1.05,0.7668112185658272,2.8850581680874336,1.1589583321881243,95.33035568983104,13.048534885422304,1.05,0.5689574255020444
4.65,column,-3.4496737847944265,0.0,1.05,0.7739498381420589,2.8777982661103474,1.1728279085247033,95.48014322997086,13.15090807752222,1.05,0.6744653586947625
4.7,column,-3.42870253516856,0.0,1.05,0.782240306304058,2.8689339180012823,1.1798633026375285,95.7199126542408,13.253762286050314,1.05,0.7797326574291074
4.75,column,-3.4077312855426944,0.0,1.05,0.7915070219534659,2.85833995314069,1.1794649465173193,95.99832722323382,13.358807872146828,1.05,0.8146674062861441
4.800000000000001,column,-3.3867600359168275,0.0,1.05,0.8015680822390447,2.846022198444543,1.172277714202423,96.24479850098292,13.467523596455234,1.05,0.7506752289409923
4.8500000000000005,normal,-3.3657887862909606,0.0,1.05,1.4237242320250032,2.832103911669651,1.1603212141439294,97.26048007130308,13.590407068648197,1.05,1.8384779456851426
4.9,normal,-3.344817536665094,0.0,1.05,1.427297496517743,2.816795608962309,1.1447793071860968,98.25206098419974,13.730415928016434,1.05,1.7961846753855522
4.95,normal,-3.3238462870392285,0.0,1.05,1.4274970160463547,2.8004336935442717,1.1273006896621105,99.246297483427,13.88880242934557,1.05,1.7674644835891684
5.0,normal,-3.3028750374133624,0.0,1.05,1.4242054074824275,2.7834100823328765,1.1079260635929922,100.19969613714106,14.061943040113146,1.05,1.6920753932947357
5.050000000000001,normal,-3.2819037877874955,0.0,1.05,1.4180724696842786,2.766111894890601,1.0882512922384215,101.36199005141897,14.242602837258186,1.05,1.8337785174856567
5.1000000000000005,normal,-3.260932538161629,0.0,1.05,1.4095376340485326,2.748880300171269,1.0686723828828593,102.5078245318322,14.429678282934859,1.05,1.831869111260226
5.15,normal,-3.239961288535762,0.0,1.05,1.399851564137316,2.7319884898689697,1.0493392114683073,103.64033391167177,14.622902609709339,1.05,1.8254941429298062
5.2,normal,-3.2189900389098964,0.0,1.05,1.3891608740231103,2.7156358871050745,1.0308308685248324,104.82247475651614,14.819490475604322,1.05,1.8678093886535851
5.25,normal,-3.1980187892840295,0.0,1.05,1.3777711405513264,2.699855793723673,1.0125676896212186,105.87710835776467,15.017725499142188,1.05,1.716646999262614
5.300000000000001,normal,-3.1770475396581634,0.0,1.05,1.3654873544205015,2.6845811814238294,0.9947353637945587,106.95505169315743,15.217467983089856,1.05,1.7321531118849554
5.3500000000000005,normal,-3.156076290032297,0.0,1.05,1.3525614179996381,2.669745469651269,0.9775119460568995,108.04646156989699,15.41857625962536,1.05,1.740017849424225
5.4,normal,-3.135105040406431,0.0,1.05,1.3391718262680687,2.655282928325155,0.9610589463417311,109.14665013612816,15.620908456806369,1.05,1.7427283881196423
5.45,normal,-3.1141337907805644,0.0,1.05,1.3254275071035342,2.6411290571536155,0.9455176641285621,110.26479172513558,15.824324150122761,1.05,1.7487661037845208
5.5,normal,-3.093162541154698,0.0,1.05,1.3113949015232076,2.6272209401327036,0.9338597055412556,111.1935372710952,16.02868590844778,1.05,1.5574839676403847
5.550000000000001,normal,-3.0721912915288314,0.0,1.05,1.2974333922114467,2.613497573913526,0.9306818709951951,112.48915417667554,16.233860718000813,1.05,1.8536618923606647
5.6000000000000005,normal,-3.051220041902965,0.0,1.05,1.2841934715198788,2.5999001688509997,0.936236223002131,113.84709734891342,16.43972125881988,1.05,1.8869911990658772
5.65,normal,-3.0302487922770993,0.0,1.05,1.2718630547657697,2.586372421711432,0.9503794667034317,115.20379010824756,16.646147008341924,1.05,1.8808557890886906
5.7,normal,-3.0092775426512324,0.0,1.05,1.2605938096685634,2.572860759210023,0.9735227933692152,116.55978102836082,16.85302515215741,1.05,1.8791496875690126
5.75,normal,-2.988306293025366,0.0,1.05,1.2506397500679625,2.5593145517671605,1.0051977602547186,117.91554003252796,17.06025129040932,1.05,1.8804870311752375
5.800000000000001,normal,-2.9673350433994994,0.0,1.05,1.2420491274132164,2.5456862971077756,1.0446802961765915,119.27145704250455,17.267729937848337,1.05,1.884029651471825
5.8500000000000005,normal,-2.946363793773633,0.0,1.05,1.2347927832379395,2.531931773574102,1.0910965752756925,120.62784277081535,17.475374824805122,1.05,1.8891340722966496
5.9,normal,-2.9253925441477673,0.0,1.05,1.228777343862128,2.518010163272532,1.1435434658765535,121.98493139715322,17.68310901417214,1.05,1.8951997164331154
5.95,normal,-2.9044212945219003,0.0,1.05,1.2238659408749146,2.5038841454237017,1.199859049098414,123.2645508190165,17.890864855116526,1.05,1.846981163222282
6.0,normal,-2.8834500448960343,0.0,1.05,1.2196011489704452,2.489519960525997,1.2262315700136583,124.39682419454738,18.09858379727639,1.05,1.7309250552913784
6.050000000000001,normal,-2.862478795270168,0.0,1.05,1.2154021325166577,2.474887446171504,1.233750741914784,125.53501787031811,18.30621608964198,1.05,1.7417703491412162
6.1000000000000005,normal,-2.8415075456443013,0.0,1.05,1.211075783885919,2.459960045566187,1.2421519909069338,126.58375725544688,18.513720386573965,1.05,1.6521960859292535
6.15,normal,-2.8205362960184353,0.0,1.05,1.206937885803782,2.4447147899994155,1.2510433114498596,127.6608693310618,18.721063280113405,1.05,1.688782729015935
6.2,normal,-2.7995650463925683,0.0,1.05,1.2030645435967073,2.4291322566797753,1.260259609815177,128.76984379914677,18.928218773663932,1.05,1.725707652857518
6.25,normal,-2.7785937967667023,0.0,1.05,1.1994846163137982,2.4131965035025393,1.2687062957499264,129.98771627488563,19.13436842529338,1.05,1.831917888319118
6.300000000000001,normal,-2.7576225471408358,0.0,1.05,1.1948166084885126,2.3968369648382604,1.2720602142088804,131.15684423137935,19.340506773633486,1.05,1.798059596391194
6.3500000000000005,normal,-2.7366512975149693,0.0,1.05,1.1891551030111775,2.3799880326254232,1.2696102420775217,132.28601034641122,19.547321338041186,1.05,1.7671395762433684
6.4,normal,-2.715680047889103,0.0,1.05,1.1826563592366863,2.3625932750517986,1.267376925411221,133.3828563825154,19.754108607160553,1.05,1.7391547897658022
6.45,normal,-2.6947087982632367,0.0,1.05,1.1754457825429996,2.3446068573955055,1.2654060886220149,134.75054450268814,19.959543817986997,1.05,1.9637816657649332
6.5,normal,-2.6737375486373702,0.0,1.05,1.1670181480461448,2.325994658688775,1.2637391496195427,136.11846543403973,20.16493225806304,1.05,1.9655893536054063
6.550000000000001,normal,-2.6527662990115037,0.0,1.05,1.157331398670641,2.306735033945605,1.2624261973308695,137.4860982739931,20.37162899107441,1.05,1.9648116641015325
6.6000000000000005,normal,-2.6317950493856372,0.0,1.05,1.146328223495797,2.286819340572758,1.2614923831366611,138.85322574484044,20.578615953527965,1.05,1.9626513555268694
6.65,normal,-2.610823799759771,0.0,1.05,1.1338340261390025,2.2662525272304928,1.2609379436507773,140.21961627731866,20.785681277783272,1.05,1.959032046867355
6.7,normal,-2.589852550133905,0.0,1.05,1.1199170320574499,2.245052943596656,1.2607400372885382,141.5850525812436,20.99282473859313,1.05,1.9539594677346088
6.75,normal,-2.5688813005080386,0.0,1.05,1.1043783744137499,2.2232513919336094,1.260856164604433,142.94935700912401,21.200041026724,1.05,1.947522137534064
6.800000000000001,normal,-2.5479100508821717,0.0,1.05,1.0875521041822573,2.200889516893426,1.2612287826681967,144.28737899709407,21.40732019342398,1.05,1.9229546070065617
6.8500000000000005,normal,-2.526938801256305,0.0,1.05,1.0697521283022282,2.178017692070724,1.261792176346007,145.52232866274076,21.614647136580885,1.05,1.8434602376291718
6.9,normal,-2.505967551630439,0.0,1.05,1.0516829587171626,2.1546925995266246,1.2591966938923778,146.77409507035452,21.821983787421473,1.05,1.843719790921319
6.95,normal,-2.484996302004573,0.0,1.05,1.0334861803189452,2.130974743511083,1.2417365847660287,147.97911132610602,22.029287053077827,1.05,1.7971134263080537
7.0,normal,-2.4640250523787066,0.0,1.05,1.0152666688389622,2.1069266566794296,1.2238128417701757,149.14726678536437,22.236510486726274,1.05,1.75602951409447
7.050000000000001,normal,-2.44305380275284,0.0,1.05,0.9971006597153277,2.0826112310729314,1.2064875213985071,150.2918096761972,22.443605924604842,1.05,1.72498699435578
7.1000000000000005,normal,-2.4220825531269736,0.0,1.05,0.9790525712924886,2.058090224634416,1.1907977060667263,151.4289397811158,22.650525021301885,1.05,1.7084215173338209
7.15,normal,-2.4011113035011076,0.0,1.05,0.9609985495602533,2.0334229770169943,1.1788467665077182,152.57514259031092,22.85722063376425,1.05,1.7076215573788993
7.2,normal,-2.380140053875241,0.0,1.05,0.9426388308405391,2.0086653525654823,1.1729196223981448,153.7131297427885,23.063648021986573,1.05,1.6984532252630484
7.25,normal,-2.3591688042493746,0.0,1.05,0.9237319334576701,1.9838689147772228,1.1728269138967842,154.82308970695405,23.269765849320507,1.05,1.676474643188752
7.300000000000001,normal,-2.338197554623508,0.0,1.05,0.9045372900167774,1.9590803258676217,1.1817969550547636,155.96571483954,23.475536977407263,1.05,1.6938228692394923
7.3500000000000005,normal,-2.3172263049976416,0.0,1.05,0.884658772330709,1.9343409573629893,1.1987768167278272,157.05702058493625,23.68092905995232,1.05,1.6435796750716534
7.4,normal,-2.2962550553717755,0.0,1.05,0.8642247931703249,1.9096866926469158,1.2210412341898562,157.95478148494095,23.88591494624947,1.05,1.4824390847866864
7.45,normal,-2.275283805745909,0.0,1.05,0.8434317421329116,1.8851478996126676,1.2459199398172947,158.70677402806714,24.090472909954666,1.05,1.3397451137014236
7.5,normal,-2.2543125561200426,0.0,1.05,0.8224011152831887,1.8607495504570817,1.2696913869162565,159.3766858049562,24.294586721544967,1.05,1.241352730734181
7.550000000000001,normal,-2.233341306494176,0.0,1.05,0.8012825178314966,1.8365114656407726,1.2696479401349603,160.00766190551116,24.498245584554848,1.05,1.179787109413946
7.6000000000000005,normal,-2.2123700568683096,0.0,1.05,0.780111051413995,1.8124486596636376,1.2695130163735246,160.61497391150561,24.701443956364955,1.05,1.1392960418927636
7.65,normal,-2.191398807242444,0.0,1.05,0.7589273388366904,1.788571767205499,1.2693022583265747,161.19347081898565,24.90418127425265,1.05,1.0883535441214192
7.7,normal,-2.1704275576165775,0.0,1.05,0.7377824826722383,1.7648875291256882,1.269032756458975,161.74667226475464,25.106461606767063,1.05,1.0386212596745632
7.75,normal,-2.149456307990711,0.0,1.05,0.7167158654242199,1.7413993186890677,1.268722253479983,162.27787750404303,25.308293249390157,1.05,0.9900793660649491
7.800000000000001,normal,-2.128485058364844,0.0,1.05,0.695647080844257,1.7181076891799856,1.2683883924325141,162.79020763588193,25.509688281996706,1.05,0.9426596885123217
7.8500000000000005,normal,-2.107513808738978,0.0,1.05,0.6746159467747102,1.695010924851284,1.2680480304994441,163.28663840804236,25.71066210392496,1.05,0.896251318787832
7.9,normal,-2.086542559113112,0.0,1.05,0.6536534676710755,1.6721055780556098,1.2677166377121445,163.77002501744653,25.91123296060918,1.05,0.8507587178083256
7.95,normal,-2.0655713094872454,0.0,1.05,0.6327845953113778,1.6493869765647262,1.2674077963464283,164.2431203659512,26.11142147378899,1.05,0.8062650306771296
8.0,normal,-2.044600059861379,0.0,1.05,0.6120310771161381,1.6268496866314284,1.2671328128741464,164.7085881033252,26.31125018537443,1.05,0.7642808318915243
8.05,normal,-2.0236288102355124,0.0,1.05,0.5914144407128241,1.6044879193812862,1.2569394705671353,165.16901158886424,26.510653199309605,1.05,0.743814751451479
8.1,normal,-2.0026575606096464,0.0,1.05,0.5709772759246505,1.5822958706689436,1.2216421854485098,165.63423151297326,26.70961349160907,1.05,0.8053992497700516
8.15,normal,-1.98168631098378,0.0,1.05,0.5507234856559148,1.5602679875540484,1.191324808695042,166.16017489729245,26.907932457238445,1.05,1.0012329357100715
8.200000000000001,normal,-1.960715061357913,0.0,1.05,0.5306964876123939,1.5383947012487318,1.168908433845942,166.81811832554467,27.105869351930394,1.05,1.2109593050367171
8.25,normal,-1.939743811732047,0.0,1.05,0.5108371144580104,1.5166525929103718,1.1567181402610252,167.63470539976214,27.304053617215153,1.05,1.3818060646461034
8.3,normal,-1.9187725621061804,0.0,1.05,0.49118836632776697,1.494992196162541,1.1556182259254395,168.5300814487719,27.50296972280745,1.05,1.4622030026061292
8.35,normal,-1.8978013124803144,0.0,1.05,0.4718594880602314,1.4733267301964765,1.1646298527297452,169.35990607278566,27.7027346328417,1.05,1.4270864455129675
8.4,normal,-1.8768300628544479,0.0,1.05,0.45297281114761095,1.45152999689993,1.1813086751770934,170.03781003277123,27.902906357617326,1.05,1.285121632606831
8.450000000000001,normal,-1.855858813228581,0.0,1.05,0.4343054793427318,1.4294479542263634,1.202588724789494,170.58709791117886,28.102635971925622,1.05,1.1065529899654496
8.5,normal,-1.8348875636027149,0.0,1.05,0.4163653034523242,1.4069251801513678,1.225541498895512,171.07292186813115,28.300964933606124,1.05,0.9664906628436837
8.55,normal,-1.8139163139768484,0.0,1.05,0.40040139743293207,1.3838408328995973,1.2273950208035034,171.5234916158393,28.497043537068784,1.05,0.9720703355297957
8.6,normal,-1.7929450643509826,0.0,1.05,0.3890301509246671,1.3601432239469928,1.2285664146221127,171.96598179802027,28.689957169054196,1.05,1.0344640698883443
8.65,normal,-1.7719738147251163,0.0,1.05,0.3812109155828539,1.3358709181978026,1.2326330544440656,172.404212038971,28.879227324971517,1.05,1.0757638065343278
8.700000000000001,normal,-1.7510025650992493,0.0,1.05,0.3745676634864868,1.3106650789156806,1.2124968653699664,172.86245926625872,29.06425290741995,1.05,1.1847039895266192
8.75,normal,-1.730031315473383,0.0,1.05,0.3684708202068854,1.2839351396799301,1.196408167588165,173.34595994854516,29.244960759454713,1.05,1.274028555486146
8.8,normal,-1.7090600658475168,0.0,1.05,0.3626744592211063,1.2551209831868841,1.1873951199009556,173.85724907187273,29.42149763726677,1.05,1.3365067207139905
8.85,normal,-1.6880888162216507,0.0,1.05,0.35686185093856776,1.2238190996188187,1.185900049167902,174.3663892512003,29.59418299079409,1.05,1.3423459270803624
8.9,normal,-1.6671175665957843,0.0,1.05,0.35067425043942213,1.1899431646293952,1.1914235523955319,174.8263468612116,29.76328854102068,1.05,1.2802605877517297
8.950000000000001,normal,-1.6461463169699173,0.0,1.05,0.34387307619172797,1.1538263674511295,1.2026642161824082,175.20363594430074,29.92895895370617,1.05,1.1591386846747374
9.0,normal,-1.6251750673440513,0.0,1.05,0.33644087547423535,1.1161921096264311,1.2178791383328789,175.49617105456502,30.091268384749092,1.05,1.0068892057968466
9.05,normal,-1.6042038177181848,0.0,1.05,0.3286136375549643,1.0779328094225675,1.235253488275864,175.7253478152167,30.25024885948904,1.05,0.8630528617185277
9.1,normal,-1.5832325680923187,0.0,1.05,0.32088228244773437,1.0399317283719058,1.2531404502157715,175.919010607918,30.40589037775654,1.05,0.7853772841611353
9.15,normal,-1.5622613184664522,0.0,1.05,0.3138138894194281,1.0030011492342692,1.2704508038399682,176.09989143483847,30.55794350940208,1.05,0.7760825941517518
9.200000000000001,normal,-1.5412900688405853,0.0,1.05,0.3075023759035944,0.9678025267755948,1.2865018984757126,176.27678088865574,30.706117509807573,1.05,0.779069229473923
9.25,normal,-1.5203188192147192,0.0,1.05,0.3014046696116369,0.9348290997489244,1.2887904510476986,176.44352746611204,30.850454490592337,1.05,0.7582751581252147
9.3,normal,-1.499347569588853,0.0,1.05,0.2949740493045608,0.9042702184064231,1.2767310148021949,176.59064568824132,30.991294652690453,1.05,0.7135186464813439
9.35,normal,-1.4783763199629867,0.0,1.05,0.2879592948706806,0.8760472694541284,1.2635902415475655,176.7173489200461,31.129061039857337,1.05,0.6605295408461251
9.4,normal,-1.4574050703371204,0.0,1.05,0.28029886221666195,0.8500690191488542,1.2501047649336354,176.82200857773068,31.26425769772348,1.05,0.5883578012325319
9.450000000000001,normal,-1.4364338207112535,0.0,1.05,0.27207578789147313,0.8262333198560072,1.237297844489012,176.91314799511943,31.39714623768938,1.05,0.5404158486839788
9.5,normal,-1.4154625710853876,0.0,1.05,0.2634384222580982,0.8044288232896033,1.2261744254517148,176.99995381470887,31.527988772394913,1.05,0.5460563832151013
9.55,normal,-1.394491321459521,0.0,1.05,0.25454083607841477,0.7845366674563983,1.2176159052533675,177.08915557299488,31.657081248095217,1.05,0.5712578173072419
9.600000000000001,normal,-1.3735200718336544,0.0,1.05,0.24552248538826346,0.7664321067453033,1.2122624437220844,177.1820024401602,31.784766197951853,1.05,0.585244927277752
9.65,normal,-1.3525488222077884,0.0,1.05,0.23649784461132217,0.7499860587874596,1.210414660566659,177.27339629051323,31.91140729877112,1.05,0.576040253996701
9.700000000000001,normal,-1.3315775725819212,0.0,1.05,0.22755619474849603,0.7350665472116226,1.2000752022428856,177.35038852298058,32.03721490085314,1.05,0.5329666498470448
9.75,normal,-1.3106063229560556,0.0,1.05,0.21881153373479725,0.7215400256607885,1.1609230237785246,177.54634899689574,32.160618601072116,1.05,0.8186879983758942
9.8,normal,-1.2896350733301887,0.0,1.05,0.21069893221420438,0.7092725748144895,1.133102964405034,178.11450329796267,32.28083682657193,1.05,1.2720749726993432
9.850000000000001,normal,-1.268663823704322,0.0,1.05,0.20364916898679467,0.6981309701266102,1.1195349100600693,178.99384759132633,32.399836801412604,1.05,1.5311163436743584
9.9,normal,-1.2476925740784561,0.0,1.05,0.19786424197671698,0.6879836231106193,1.1197875621159938,179.84764395809538,32.520195499826755,1.05,1.5149153201486956
9.950000000000001,normal,-1.2267213244525896,0.0,1.05,0.1933909161206606,0.6787014030086121,1.1333109122242668,180.65041448703013,32.64399346622928,1.05,1.458251112335123
10.0,normal,-1.2057500748267236,0.0,1.05,0.19039509317985231,0.6698816364891135,1.1575393976831072,181.18927485269546,32.773154201678665,1.05,1.2338563645744904
10.05,normal,-1.1847579578477887,0.0,1.05,0.18886499899246265,0.6610768381670571,1.1880611011267268,181.4174529518227,32.907245702155386,1.05,0.8736647440768872
10.100000000000001,normal,-1.163757957847788,0.0,1.05,0.1885030202339942,0.65184451814514,1.2107360199961592,181.48537781026624,33.04415279909748,1.05,0.49226204028936876
10.15,normal,-1.1427579578477889,0.0,1.05,0.1887771967102739,0.6417862065537598,1.2120837350497127,181.56094074280517,33.182049315779025,1.05,0.5138520749941307
10.200000000000001,normal,-1.121757957847788,0.0,1.05,0.18916596999796886,0.6305935484722545,1.2106330228547688,181.6996114228581,33.31971265673589,1.05,0.6537710630376737
10.25,normal,-1.100757957847789,0.0,1.05,0.18928692836460495,0.617729258255132,1.21151257803877,181.89483662283544,33.45619133755933,1.05,0.7962263327845346
10.3,normal,-1.0797579578477883,0.0,1.05,0.18891156783818036,0.6027714017601873,1.2157484834632841,182.10915625220903,33.59115035264981,1.05,0.8536756955133
10.350000000000001,normal,-1.0587579578477884,0.0,1.05,0.1879459765261681,0.5854820798419039,1.211910914781993,182.33015600213054,33.72436842714367,1.05,0.864187420810946
10.4,normal,-1.0377579578477885,0.0,1.05,0.1863449462664258,0.5658343150807966,1.2096387696213373,182.54500328770158,33.85585333087829,1.05,0.8433758017778367
10.450000000000001,normal,-1.0167579578477886,0.0,1.05,0.1841460172040502,0.5440205772590281,1.212033757560053,182.73690114521207,33.985816627357906,1.05,0.7965116817447949
10.5,normal,-0.9957579578477886,0.0,1.05,0.18175138985350223,0.5204363971756399,1.2184115187893956,182.89387537892713,34.11458323377706,1.05,0.7267252711232973
10.55,normal,-0.9747579578477887,0.0,1.05,0.18001842281965025,0.49563305452444517,1.2277288961643877,183.0147202516821,34.242459997978585,1.05,0.6398254123165148
10.600000000000001,normal,-0.9537579578477879,0.0,1.05,0.17865826126381462,0.47024452251141047,1.2387784928966148,183.10767293165628,34.36949373809495,1.05,0.5516472989118185
10.65,normal,-0.9327579578477889,0.0,1.05,0.1770010221811204,0.4449067770289916,1.238491845735642,183.18541244109286,34.49557869601979,1.05,0.49342365181355075
10.700000000000001,normal,-0.9117579578477881,0.0,1.05,0.17537089030186306,0.4201918174074758,1.234189886085105,183.25935292160779,34.620593582319955,1.05,0.48916388112774456
10.75,normal,-0.8907579578477891,0.0,1.05,0.17500427254210296,0.3965664343862445,1.2311842616585302,183.3328467120602,34.744525565264986,1.05,0.5056616137072446
10.8,normal,-0.8697579578477883,0.0,1.05,0.17403039243940177,0.374303770913865,1.229541957208403,183.39639261484595,34.867130339118475,1.05,0.4740075780801914
10.850000000000001,normal,-0.8487579578477884,0.0,1.05,0.17228704592548577,0.35355562052652445,1.2290784325084907,183.44460359834628,34.98782617319415,1.05,0.42544413261996006
10.9,normal,-0.8277579578477885,0.0,1.05,0.16998499026372677,0.33439768713232876,1.2191695110692509,183.49342077324783,35.10607664240844,1.05,0.40077970028431176
10.950000000000001,normal,-0.8067579578477886,0.0,1.05,0.1673928593127488,0.31674953362596225,1.2038219618121604,183.5670573316019,35.22143838542877,1.05,0.474739931694112
11.0,normal,-0.7857579578477887,0.0,1.05,0.16478237489983366,0.300513508591448,1.193034810895535,183.6825428574807,35.33378687584854,1.05,0.5752710127622122
11.05,normal,-0.7647579578477887,0.0,1.05,0.16240069394536152,0.28558894805333324,1.1878262748415853,183.8344123969982,35.44346239301899,1.05,0.639887143057196
11.100000000000001,normal,-0.743757957847788,0.0,1.05,0.1604523919301702,0.27187363517473906,1.188422716412193,183.99263665270416,35.55116485604394,1.05,0.6489971999085664
11.15,normal,-0.722757957847789,0.0,1.05,0.15910400239906367,0.259265173708332,1.194214688363885,184.12149810045628,35.65762243595965,1.05,0.5987679390754239
11.200000000000001,compressed,-0.7017579578477882,0.0,1.05,0.6359589133903436,0.24766224820924038,1.2022415944790674,185.07628992649376,35.749782998427776,1.05,1.7440972358806999
11.25,compressed,-0.6807579578477891,0.0,1.05,0.6336150475028872,0.23696575226429156,1.2114211210002799,185.95437017562784,35.829773721659,1.05,1.6407715209530451
11.3,compressed,-0.6597579578477882,0.0,1.05,0.6286377370362556,0.22699191950601677,1.2207422120489726,186.7525320092434,35.901123415930854,1.05,1.51389859348117
11.350000000000001,compressed,-0.6387579578477884,0.0,1.05,0.6206784445743304,0.21746807725484985,1.2293776204091122,187.48829394691523,35.97034662638284,1.05,1.4204748793497344
11.4,overflight,-0.6177579578477885,0.0,1.27,0.7796540096296581,0.20809050531800222,1.2171201525602149,188.42648432321934,36.04394392137432,1.05,1.7767318134543466
11.450000000000001,overflight,-0.5967579578477885,0.0,1.27,0.7637833146362031,0.1998084604439367,1.2045407571279207,189.33789550204926,36.12804483189257,1.052216845259634,1.7529344953563932
11.5,overflight,-0.5757579578477887,0.0,1.27,0.7440829978323897,0.19224873627378253,1.1954062192055501,190.23085093492628,36.22644741648966,1.0563676046442403,1.7365430444133427
11.55,overflight,-0.5547579578477888,0.0,1.27,0.7207962530744565,0.18516743170043803,1.1905089871608954,190.98365334624992,36.33964653460102,1.062188698569514,1.6226596438346081
11.600000000000001,overflight,-0.533757957847788,0.0,1.27,0.6943943245259401,0.1785175995291018,1.1901051101003888,191.56602469295854,36.46665615855775,1.069436536038235,1.4465945574948351
11.65,overflight,-0.512757957847789,0.0,1.27,0.6654531238450485,0.17248367786853763,1.1938975552943067,192.01491314301126,36.606313140596285,1.077887305006086,1.2688345187649417
11.700000000000001,overflight,-0.4917579578477881,0.0,1.27,0.6344781381305665,0.1673801328353468,1.201120196828537,192.33673109198446,36.757096608499246,1.0873358868302314,1.0645004757574326
11.75,overflight,-0.47075795784778907,0.0,1.27,0.6019719831234205,0.16360831991234837,1.2107167978920985,192.5501673496725,36.917247387255586,1.0975942434566581,0.8493134208042928
11.8,overflight,-0.4497579578477884,0.0,1.27,0.5684162203791935,0.1615448809678115,1.221538402162433,192.6822647854949,37.08395917880033,1.1084898474996219,0.6440215168086201
11.850000000000001,overflight,-0.42875795784778836,0.0,1.27,0.5344223294616706,0.16144051666435233,1.2325020634023014,192.76296988591548,37.25414301376409,1.1198645493686454,0.4797314385914727
11.9,overflight,-0.4077579578477885,0.0,1.27,0.5005921676185553,0.1633665486442918,1.2360554426342103,192.8168117999349,37.42657688517655,1.131573939273998,0.4120668489905901
11.950000000000001,overflight,-0.38675795784778866,0.0,1.27,0.4671457557030959,0.1672169500197332,1.23727114328995,192.857527189474,37.59985208905607,1.1434870380617057,0.3875639738744717
12.0,overflight,-0.36575795784778864,0.0,1.27,0.4343232821803946,0.17275102647870294,1.1960441616740491,192.9436049884814,37.7710309642052,1.155486109394994,0.5457834759084144
12.05,overflight,-0.3447579578477888,0.0,1.27,0.4026412893390674,0.17965299232449838,1.165156063827774,193.2351521195099,37.93743554533596,1.1675194996659914,0.8977309927669435
12.100000000000001,overflight,-0.32375795784778794,0.0,1.27,0.3726841592242319,0.18758864022658195,1.1489488569013646,193.85162086999034,38.09827852144779,1.1795868493441108,1.246925775506111
12.15,overflight,-0.3027579578477889,0.0,1.27,0.3450374986896642,0.19620254748200794,1.1493134687955138,194.65446020309275,38.25528292286703,1.1917190152779296,1.4306353607242588
12.200000000000001,overflight,-0.28175795784778823,0.0,1.27,0.32036574994226974,0.2047927326302641,1.1646514173448281,195.31267757340214,38.41117148083758,1.2039290740692992,1.351464889290845
12.25,overflight,-0.2607579578477892,0.0,1.27,0.29942628411850014,0.21316098907456604,1.1908228741945672,195.67370397933115,38.56659982765122,1.2161544572277536,1.0809764135901805
12.3,overflight,-0.23975795784778842,0.0,1.27,0.2830522678068557,0.2212697911528616,1.2230295347765225,195.84593656222705,38.72011981223699,1.2282483399493294,0.7957549233763688
12.350000000000001,overflight,-0.2187579578477885,0.0,1.27,0.27182208524064844,0.22908554020964522,1.257120112289526,195.98901881918636,38.86971398176472,1.2400264393405116,0.714942824927727
12.4,overflight,-0.1977579578477885,0.0,1.27,0.26565243975024166,0.23657748908094955,1.2536742203170808,196.18172210208485,39.0133387322804,1.2513189356381853,0.7829501193869737
12.450000000000001,overflight,-0.1767579578477887,0.0,1.27,0.26390781420226467,0.24371684328865117,1.218232636975419,196.43092354537788,39.14855495008476,1.2619997147967643,0.8667522817316575
12.5,overflight,-0.15575795784778879,0.0,1.27,0.26602069767138947,0.2504762426403706,1.1888458533841184,196.80388748214185,39.272909565155864,1.2720152411048902,1.064969691382492
12.55,overflight,-0.13475795784778877,0.0,1.27,0.2713637649911092,0.25682988751533875,1.1686979781788738,197.38211407924234,39.38437861071882,1.2813824554367657,1.2954745679774065
12.600000000000001,overflight,-0.11375795784778808,0.0,1.27,0.2792753692500066,0.26275416937887686,1.1599578124359087,198.15779968097283,39.4826547641744,1.290124190258692,1.4809651407697386
12.65,overflight,-0.09275795784778906,0.0,1.27,0.2890617812601443,0.2682290516118817,1.162516362694171,198.93089207717725,39.57101136120549,1.2982668741497199,1.4987779493735605
12.700000000000001,overflight,-0.07175795784778827,0.0,1.27,0.3000559894645437,0.2732401609506152,1.1750706219652596,199.63401138493512,39.65807652864236,1.3058377957275302,1.4289449956193558
12.75,overflight,-0.05075795784778925,0.0,1.27,0.3115168158011551,0.2777812334880927,1.1945791534937185,200.14059034377058,39.747410356481566,1.3128623332654814,1.2199914431717265
12.8,overflight,-0.02975795784778834,0.0,1.27,0.3228415039978477,0.2818562300559688,1.210819972185837,200.5002932216485,39.837643340415,1.3193617675508014,1.0397138004903645
12.850000000000001,overflight,-0.008757957847788544,0.0,1.27,0.33354897150490026,0.2854803239810386,1.214315267725218,200.79220795186617,39.92726041587397,1.3253522571638439,0.975137493056249
12.9,overflight,0.012242042152211363,0.0,1.27,0.3432697780613472,0.2886792385875019,1.2193621970922865,201.06773258818868,40.01555640086861,1.3308452131497441,0.9443338362615818
12.950000000000001,overflight,0.03324204215221149,0.0,1.27,0.35173027281854574,0.2914869836105045,1.2253643461880566,201.34262607908533,40.10329921987503,1.3358488346564887,0.9145984038141922
13.0,overflight,0.05424204215221118,0.0,1.27,0.35875430946537745,0.29394258380680127,1.2317091471992037,201.60059785110403,40.19295673623998,1.340370231970515,0.8644118672966685
13.05,overflight,0.07524204215221109,0.0,1.27,0.3642887119314609,0.2960866151735497,1.2378316419573006,201.84648779733112,40.28662838990431,1.3444175189633087,0.8376213327592638
13.100000000000001,overflight,0.09624204215221188,0.0,1.27,0.3682778303860725,0.29795822449686504,1.2295952690370773,202.0855036931404,40.38531036273767,1.3480014453147495,0.8312776359452065
13.15,overflight,0.1172420421522109,0.0,1.27,0.370684039980398,0.2995929830307731,1.2231547100922155,202.31984327675286,40.48950337584526,1.3511363977484385,0.8289428139488086
13.200000000000001,overflight,0.13824204215221192,0.0,1.27,0.3714892916187523,0.3010216181088161,1.2189979780017344,202.5477392380729,40.59948207714605,1.3538408008268246,0.8204475264932928
13.25,overflight,0.15924204215221094,0.0,1.27,0.370697463812281,0.30226948084438665,1.217264333145703,202.76399173790455,40.715379585244975,1.356137049173835,0.8000458674087942
13.3,overflight,0.1802420421522115,0.0,1.27,0.36833701634790567,0.3033565459516159,1.2178493338531875,202.9619318701636,40.83720709517508,1.3580511221889553,0.7653306482123109
13.350000000000001,overflight,0.2012420421522116,0.0,1.27,0.3644631267520847,0.3042977570612717,1.220433811605209,203.13593153218568,40.964853662435175,1.3596120057261714,0.7168185822856185
13.4,overflight,0.22224204215221133,0.0,1.27,0.35915831843268625,0.30510358223652245,1.2245421747613139,203.2832285026606,41.098087787948856,1.3608510030342797,0.6571437495162964
13.450000000000001,overflight,0.24324204215221124,0.0,1.27,0.35253086664621974,0.3057806997882391,1.2296143260363341,203.40435573354785,41.236569557909064,1.361800977555457,0.5900990927191969
13.5,overflight,0.2642420421522113,0.0,1.27,0.34471088845899994,0.30633277880570287,1.2350752191886691,203.50300550700067,41.37992462813828,1.3624955418381186,0.5285932494681107
13.55,overflight,0.28524204215221105,0.0,1.27,0.3358312514656931,0.30678332600658786,1.2274579846126223,203.5877827933982,41.52734059869542,1.3629885639250916,0.4870010829901913
13.600000000000001,overflight,0.306242042152212,0.0,1.27,0.32610696799453515,0.30745932211793836,1.2073523949526275,203.68728779516087,41.67810382771514,1.3634147131139538,0.5519721325416059
13.65,overflight,0.32724204215221103,0.0,1.27,0.31574239946776883,0.308492787501244,1.191813601640173,203.8257056293598,41.83189335378941,1.3639175707894458,0.6468844329052672
13.700000000000001,overflight,0.3482420421522116,0.0,1.27,0.30492145960645123,0.30992948578761603,1.1821261533536815,204.0106150507405,41.98844391999713,1.3646373540639163,0.7026492743990904
13.75,overflight,0.3692420421522106,0.0,1.27,0.2938992274789761,0.31183781950717426,1.1788687599792764,204.23562835043128,42.147905110379085,1.3656902378425677,0.7810828009285073
13.8,overflight,0.3902420421522115,0.0,1.27,0.28291857903728046,0.3143131088341804,1.1817694715010298,204.47302722693712,42.310649049689665,1.3671441599292555,0.8499588604824811
13.850000000000001,overflight,0.41124204215221133,0.0,1.27,0.2722254667721223,0.3174808685461481,1.1898162810992348,204.69351275133934,42.47701702031717,1.3690022242370794,0.8567645053302604
13.9,overflight,0.43224204215221146,0.0,1.27,0.2620748793351508,0.3214961588244113,1.1910644263806485,204.87934309453425,42.647098718850536,1.3712034690355264,0.8077415828829959
13.950000000000001,overflight,0.4532420421522112,0.0,1.27,0.2527152135411569,0.3265349093451323,1.19283164936776,205.02306333230638,42.8206241133302,1.373640315402333,0.7136315073611963
14.0,overflight,0.47424204215221105,0.0,1.27,0.24435202077266824,0.33277404715209824,1.1986071048303442,205.12309314490219,42.99688046481914,1.3761825382229322,0.5892835672110516
14.05,overflight,0.4952420421522112,0.0,1.27,0.2371233044354628,0.3403612775393944,1.2056589309461825,205.18619992328547,43.174866265189365,1.3786977246834258,0.4712854597506668
14.100000000000001,overflight,0.5162420421522118,0.0,1.27,0.23105861190563443,0.3493812731971294,1.2113082451236155,205.22663896468492,43.35346038428765,1.3810645158587191,0.38193245650142343
14.15,overflight,0.5372420421522108,0.0,1.27,0.22606810382077552,0.3598291230450221,1.2184216389444296,205.25940448802865,43.53148672146171,1.3831799116993762,0.3271424086620856
14.200000000000001,overflight,0.5582420421522116,0.0,1.27,0.22199672574463825,0.3716006143126632,1.2196231128702169,205.29715602928388,43.707837752459476,1.384963060649034,0.33804572378894737
14.25,overflight,0.5792420421522106,0.0,1.27,0.2186526236278145,0.38450248749685356,1.2183724591593894,205.34881392085103,43.88160345313446,1.3863563212972563,0.41184342341459945
14.3,overflight,0.6002420421522114,0.0,1.27,0.21581630859761694,0.3982783579671091,1.2187294525974062,205.41255686172707,44.052197665255555,1.387324865058665,0.47683869783364763
14.350000000000001,overflight,0.6212420421522113,0.0,1.27,0.21328229023077178,0.41264185979517276,1.220561705188759,205.48441934344373,44.21915918597551,1.387875754720699,0.5076700515865559
14.4,overflight,0.6422420421522113,0.0,1.27,0.21089594897840577,0.4273092758916436,1.2236078582723806,205.56125614121237,44.38215675380886,1.388033287969801,0.5177681742838869
14.450000000000001,overflight,0.6632420421522112,0.0,1.27,0.20852934790483188,0.44005258067605946,1.2275250074906938,205.63946371820026,44.540994737774625,1.3878272229011244,0.5196277560209921
14.5,overflight,0.6842420421522111,0.0,1.27,0.20607372641777966,0.43623238327414615,1.2319315607643244,205.71556343169075,44.695586541497846,1.3872923733471876,0.5198977264135283
14.55,overflight,0.705242042152211,0.0,1.27,0.20344208825149246,0.4328750058668186,1.2364474461111101,205.78673904428922,44.8459291196369,1.3864677692123897,0.5131440505005992
14.600000000000001,overflight,0.7262420421522118,0.0,1.27,0.20057389076294613,0.4299011998697484,1.240720392168273,205.8510880175053,44.99204633168168,1.3853956089066224,0.4961977270474363
14.65,overflight,0.7472420421522108,0.0,1.27,0.1974470128337777,0.4272411855269318,1.244442330019588,205.90443387977854,45.13402758375139,1.3841201168003157,0.4557118992503305
14.700000000000001,overflight,0.7682420421522116,0.0,1.27,0.19410161252877062,0.4248519354412402,1.2425954241446318,205.94856399943876,45.271843773615586,1.3827214580918548,0.40484260668936267
14.75,overflight,0.7892420421522106,0.0,1.27,0.19064286878133643,0.42271509428766807,1.2365287198404908,205.9894777521908,45.40538092441708,1.3812855538199422,0.3608861874713026
14.8,overflight,0.8102420421522114,0.0,1.27,0.187221693413388,0.42083416284290565,1.231265572622983,206.03456769720222,45.53455503243335,1.379899336053223,0.356673862409982
14.850000000000001,overflight,0.8312420421522113,0.0,1.27,0.18400240510197277,0.4192290964921004,1.2273162908826254,206.0893904999166,45.65937028833157,1.3786452364550643,0.39893852911904454
14.9,overflight,0.8522420421522112,0.0,1.27,0.18114582977403054,0.4179285269624947,1.2235745035443295,206.15522452683157,45.77996017706829,1.3775946094729234,0.4522276347426721
14.950000000000001,overflight,0.8732420421522111,0.0,1.27,0.17879231160484294,0.41696045357637246,1.2210479741136324,206.22819892643713,45.89658654084172,1.3768007352196319,0.4940858876842592
15.0,overflight,0.894242042152211,0.0,1.27,0.17704772847712363,0.41634264563159484,1.2201055645932621,206.30085793594893,46.00958859967907,1.3762927266158638,0.5070026453342358
15.05,overflight,0.9152420421522109,0.0,1.27,0.17597501666475035,0.4160741832489745,1.2194820601278324,206.36552606236714,46.11930167292776,1.3760720171214265,0.4883215713593344
15.100000000000001,overflight,0.9362420421522117,0.0,1.27,0.17559179706075193,0.41437929158058395,1.220151406238373,206.41755087895316,46.2259840991037,1.3761127381831448,0.44320359422105343
15.15,overflight,0.9572420421522108,0.0,1.27,0.17587169045280074,0.39851008072661287,1.2219810380825409,206.4566619295291,46.32978449957679,1.376366211213104,0.38236440040399133
15.200000000000001,overflight,0.9782420421522116,0.0,1.27,0.17674461644630896,0.3834111404982833,1.224740205711451,206.48610963216913,46.43075659905362,1.3767685073897875,0.32109212405953147
15.25,overflight,0.9992420421522106,0.0,1.27,0.17809485145874485,0.36917846259976106,1.228129202558109,206.51057706919082,46.52890609493174,1.377249251905096,0.2772761544909447
15.3,overflight,1.0202420421522114,0.0,1.27,0.17976588677984787,0.35589756413561136,1.2318146946350743,206.5341611196404,46.62424596565257,1.3777398685785287,0.26301375104139596
15.350000000000001,overflight,1.0412420421522113,0.0,1.27,0.18158165718245461,0.3436309606439293,1.2354650521185013,206.55920051406906,46.716840716256584,1.378180060454578,0.2700440945087683
15.4,overflight,1.0622420421522112,0.0,1.27,0.18337608310370151,0.33241115529888354,1.2374350436157813,206.58606267515526,46.80682870749132,1.3785220678349164,0.28883571572221345
15.450000000000001,overflight,1.083242042152211,0.0,1.27,0.18501456508892114,0.32223833742718566,1.2388998115384695,206.613603653662,46.89442011748987,1.3787328169005226,0.3004055146019632
15.5,overflight,1.104242042152211,0.0,1.27,0.18640261695832475,0.31308144085131484,1.2407326313962974,206.6399231711222,46.97987502744813,1.3787943688069715,0.29983232539731547
15.55,overflight,1.125242042152211,0.0,1.27,0.1874865303720355,0.304881301606729,1.2427655233707413,206.66311694065445,47.06347122969092,1.3787031483980368,0.2868061693892988
15.600000000000001,overflight,1.1462420421522117,0.0,1.27,0.18825094398717784,0.29755505219416056,1.2448263641305,206.68185087464565,47.14547343393431,1.3784683675980274,0.26282614704646534
15.65,overflight,1.1672420421522107,0.0,1.27,0.1887152562217866,0.2910013322194578,1.24426824498636,206.6956785225575,47.22611356265072,1.3781099427726304,0.2302346034952174
15.700000000000001,overflight,1.1882420421522115,0.0,1.27,0.18892906078764574,0.28510621965262817,1.242935377033111,206.70508325110197,47.30558666946092,1.3776560909301414,0.19181610790283715
15.75,overflight,1.2092293891917518,0.0,1.27,0.18896435409634194,0.2797499132741502,1.24101707952147,206.7112708526741,47.384060796229534,1.3771407056460563,0.1510298350265102
15.8,overflight,1.230200638817619,0.0,1.27,0.18891075018032458,0.2748141423831916,1.2386976651538564,206.7157771447611,47.46169605703663,1.37660057406208,0.11666495116440667
15.850000000000001,overflight,1.2511718884434853,0.0,1.27,0.18886990137234247,0.27018990486382044,1.2361797416013074,206.72001311973722,47.538665910243544,1.3760725036086434,0.11112128975481542
15.9,overflight,1.2721431380693513,0.0,1.27,0.1889405690844041,0.2657848429789603,1.2336684138578105,206.72489749264213,47.615172289780595,1.37559047552446,0.12934896804930002
15.950000000000001,overflight,1.2931143876952178,0.0,1.27,0.18921155423064334,0.2615294057449459,1.2313557776332935,206.73069475910728,47.69145027608807,1.3751830130512255,0.14790041038925583
16.0,overflight,1.314085637321084,0.0,1.27,0.18975351924632505,0.2573807300319733,1.229406613569911,206.7371047263178,47.76776108246597,1.3748710111157252,0.15659031979564653
16.05,overflight,1.3350568869469503,0.0,1.27,0.1906128189547525,0.2533234908364674,1.2279463376679076,206.7435402668464,47.84437620918722,1.3746662869112984,0.15372327913823097
16.1,column,1.3560281365728177,0.0,1.05,0.30829872256985563,0.24936751561535464,1.2269149818895924,206.86968541763693,47.92082308372868,1.3745710522095258,0.6967740377978676
16.150000000000002,column,1.376999386198684,0.0,1.05,0.3069416115661848,0.24447307983906374,1.2263517844859346,206.96617225867743,47.99814207103546,1.3723607765300945,0.6099433744430185
16.2,column,1.3979706358245494,0.0,1.05,0.30470543605246764,0.2387679513342002,1.2262514523699535,207.03866711054565,48.0769989593137,1.3683060429748308,0.5289643147745828
16.25,column,1.4189418854504163,0.0,1.05,0.30177733144099234,0.23237889472222084,1.2265679819374407,207.09207576804678,48.157757346877254,1.362655099843351,0.45394915835727484
16.3,column,1.4399131350762828,0.0,1.05,0.29833183766243127,0.22542810748449527,1.2272222771494123,207.13058477385812,48.240566244551005,1.3556350013208143,0.3850025662976788
16.35,column,1.460884384702149,0.0,1.05,0.29452754028468997,0.21803074820006335,1.2281123794623392,207.1577145504371,48.32543504196453,1.3474530469959354,0.32220408530947603
16.400000000000002,column,1.4818556343280163,0.0,1.05,0.29050435923686124,0.2102934330965961,1.2291249039851584,207.17638430379247,48.41228880607989,1.33829837336231,0.2656524490965573
16.45,column,1.5028268839538816,0.0,1.05,0.28638167170358997,0.2023135546477477,1.2301463217771857,207.18898695181196,48.501006574927395,1.3283435582215148,0.2157017448641879
16.5,column,1.523798133579748,0.0,1.05,0.28225750967950475,0.19417926211437125,1.2310729759055117,207.19746774779205,48.59144730926697,1.317746126480907,0.17360542107111043
16.55,column,1.5447693832056142,0.0,1.05,0.27820899010520883,0.18596993723212374,1.2318190681275545,207.20339676252556,48.68346743301919,1.306649883698235,0.1426389459439203
16.6,column,1.5657406328314813,0.0,1.05,0.27429394267773155,0.17775699546123885,1.2323222086284844,207.2080265135083,48.77693262078406,1.295186042261807,0.12661841729133191
16.650000000000002,column,1.5867118824573478,0.0,1.05,0.270553476035705,0.16960484206982113,1.2325464201022494,207.21233174627554,48.87172539108636,1.2834741373633234,0.12348174628581506
16.7,column,1.607683132083213,0.0,1.05,0.26701506035589395,0.16157181343580207,1.2324827051211178,207.21703535785375,48.9677493511584,1.2716227526317814,0.12975460237185474
16.75,column,1.6286543817090802,0.0,1.05,0.26369566100752073,0.15371094162805032,1.2321474278767541,207.2226288966239,49.064930630084596,1.2597300883292244,0.14173144697122994
16.8,column,1.6496256313349464,0.0,1.05,0.26060453159024694,0.14607040195447557,1.2315788497522446,207.22939616237517,49.16321702452698,1.2478844101940094,0.1556251817361903
16.85,column,1.670596880960813,0.0,1.05,0.25774541869889916,0.1386935469402622,1.2308322173771788,207.23744487581826,49.26257549126684,1.2361644168935082,0.16972118599636607
16.900000000000002,column,1.6915681305866799,0.0,1.05,0.25511808826301374,0.13161850126030727,1.2299738498677286,207.2467463772214,49.36298869165563,1.2246395609572758,0.183133088047646
16.95,column,1.7125393802125455,0.0,1.05,0.25271921374383827,0.1248773880339446,1.229074715468948,207.25717911688758,49.46445123878697,1.2133703536696294,0.19523991558725173
17.0,column,1.7335106298384115,0.0,1.05,0.25054275292606365,0.11849536416493878,1.2282040212189913,207.26856973280184,49.56696612428647,1.2024086795801177,0.2056057920208901
17.05,column,1.754481879464279,0.0,1.05,0.2485799831210552,0.11248973678365642,1.2274233477622927,207.28072604060583,49.67054157364234,1.191798141257475,0.21396868907813826
17.1,column,1.775453129090145,0.0,1.05,0.24681937290937053,0.10686948436667754,1.2267818271834736,207.29345859856028,49.7751883737848,1.1815744495126512,0.22021672879032345
17.150000000000002,column,1.7964243787160115,0.0,1.05,0.2452464519350496,0.10163548901116176,1.2263127716526199,207.3065905042628,49.88091758585034,1.1717658683580647,0.22435728717723044
17.2,column,1.817395628341877,0.0,1.05,0.24384380697048408,0.09678169045972174,1.2260320137422043,207.31995768237766,49.98773851349788,1.1623937175006334,0.2264877103735194
17.25,column,1.838366877967744,0.0,1.05,0.242591289007209,0.09229721113841272,1.2259380301686718,207.33340354612133,50.09565682482153,1.1534729285929481,0.22676836269165287
17.3,column,1.8593381275936105,0.0,1.05,0.24146646817699216,0.08816931119716132,1.2260137178188577,207.34677243329946,50.2046727897325,1.145012645483563,0.22539657778954406
17.35,column,1.8803093772194766,0.0,1.05,0.24044532649082434,0.08438686278488994,1.2262295089468005,207.35990572615987,50.31477966076527,1.137016854063497,0.2225821276293499
17.400000000000002,column,1.9012806268453437,0.0,1.05,0.23950313826706596,0.08094392884243451,1.2265473823137802,207.37264319639024,50.42596227080885,1.1294850245400139,0.2185265565343005
17.45,column,1.922251876471209,0.0,1.05,0.23861545947160429,0.07784301776189134,1.226925267320612,207.38483009038964,50.53819593751193,1.122412748233696,0.2134084828671316
17.5,column,1.9432231260970756,0.0,1.05,0.23775913297859902,0.0750976556040252,1.227321351015203,207.39632825438605,50.65144575305778,1.1157923520534785,0.20737617512923506
17.55,column,1.9641943757229428,0.0,1.05,0.23691321747949604,0.0727340401627829,1.2276978707591335,207.40702792038564,50.76566630727131,1.1096134761699092,0.20054844246365597
17.6,column,1.9851656253488088,0.0,1.05,0.23605976145097105,0.07079167222852839,1.228024086922015,207.41685632902954,50.8808018511065,1.1038636035377296,0.19302350182629752
17.650000000000002,column,2.0061368749746755,0.0,1.05,0.23518436641000506,0.06932296174460267,1.228278256945043,207.4257804071854,50.996786866022916,1.0985285333661932,0.18489200902065636
17.7,column,2.0271081246005407,0.0,1.05,0.23427651089009757,0.06839186337174719,1.2284485548559392,207.4338028372511,51.11354697101508,1.0935927940961776,0.1762478664467196
17.75,column,2.0480793742264076,0.0,1.05,0.2333296334835136,0.0680716146280515,1.2285329857525717,207.44095314550728,51.23100007897198,1.0890399947298264,0.16719168493529085
17.8,column,2.069050623852274,0.0,1.05,0.23234099609897524,0.0684416552931365,1.228538426549153,207.4472769473825,51.349057709602036,1.0848531163385222,0.15782567648438278
17.85,column,2.09002187347814,0.0,1.05,0.23131136486052015,0.06958382890863218,1.2284789811546215,207.45282667655886,51.467626375139574,1.0810147481245125,0.1482428802589419
17.900000000000002,column,2.1109931231040076,0.0,1.05,0.23024455496357632,0.07157802623172482,1.2283738718491095,207.45765606592386,51.586608972156704,1.0775072744056315,0.13851720879204438
17.95,column,2.1319643727298727,0.0,1.05,0.22914688785607007,0.0744975264830236,1.228245101478683,207.46181891809715,51.70590613183049,1.0743130202259135,0.1287028809079027
18.0,column,2.1529356223557397,0.0,1.05,0.2280266058565233,0.0784044017102648,1.2281151155232228,207.46537106110628,51.825417497058936,1.0714143639113825,0.11885011766509415
18.05,column,2.1739068719816066,0.0,1.05,0.22689328271821035,0.0833454318605783,1.2280046709952617,207.4683734306571,51.94504290564806,1.0687938248045876,0.10903806157340279
18.1,column,2.1948781216074726,0.0,1.05,0.22575726056160628,0.08934899062488355,1.2279310824159921,207.47089418497666,52.06468346490346,1.0664341337120786,0.09942004141169232
18.150000000000002,column,2.215849371233339,0.0,1.05,0.22462913543262814,0.09642327951358631,1.227906966468643,207.4730084869861,52.18424250657614,1.064318292434307,0.09027572281040715
18.2,column,2.2368206208592043,0.0,1.05,0.22351930633201103,0.10455611602815945,1.2279395503523323,207.4747956822998,52.30362641473619,1.0624296272995475,0.08206047870415781
18.25,column,2.2577918704850717,0.0,1.05,0.22243759625122964,0.11371625933740726,1.2280305497348325,207.47633461576913,52.42274532437948,1.0607518400787892,0.07538665614341131
18.3,column,2.2787631201109377,0.0,1.05,0.22139294861682232,0.12385603953663415,1.2281765667422102,207.47769843788717,52.541513695592755,1.059269058181446,0.07076938293382118
18.35,column,2.299734369736805,0.0,1.05,0.22039319857556086,0.13491489633277892,1.2283699126510754,207.47895032524224,52.6598507758503,1.0579658847462703,0.06823054766486795
18.400000000000002,column,2.3207056193626716,0.0,1.05,0.21944491573743047,0.1433616385128852,1.2285997285566836,207.4801411368341,52.77768096978899,1.0568274482245612,0.06728991641263282
18.45,column,2.3416768689885368,0.0,1.05,0.2185533133016954,0.13388948578890586,1.2288532627452573,207.4813093447393,52.89493413995758,1.0558394503353392,0.06734604320003737
18.5,column,2.3626481186144033,0.0,1.05,0.21772221779207043,0.12548669501160825,1.2291171656882525,207.48248286454583,53.01154586250318,1.0549882108512272,0.06799133111445163
18.55,column,2.38361936824027,0.0,1.05,0.21695409362541818,0.11814500486305796,1.229378680058008,207.48368189862015,53.127457658365,1.0542607075226673,0.06902981063690777
18.6,column,2.4045906178661367,0.0,1.05,0.21625011698947744,0.11183782971559303,1.2296266298987726,207.48492173767715,53.242617214012796,1.0536446095271512,0.07034274935313856
18.650000000000002,column,2.4255618674920028,0.0,1.05,0.21561029351677488,0.10651959723780913,1.2298521453842013,207.4862146619542,53.356978597497275,1.0531283030927099,0.07180565278564041
18.7,column,2.4465331171178684,0.0,1.05,0.21503361363212722,0.10212645165562428,1.2300490929936603,207.48757053732876,53.47050246727753,1.052700908340246,0.07328971832180867
18.75,column,2.4675043667437353,0.0,1.05,0.21451823809428242,0.0985784745718346,1.2302142118378285,207.48899622971066,53.583156264522586,1.0523522868637174,0.07468039579916512
18.8,column,2.488475616369602,0.0,1.05,0.21406170434718147,0.09578335038349156,1.2303469827837403,207.49049437208873,53.69491437539501,1.052073040066105,0.07588067792107836
18.85,column,2.5094468659954687,0.0,1.05,0.21366114232051442,0.09364117867695387,1.2304492766093542,207.4920621855689,53.80575824854294,1.0518544987408072,0.07680797886341899
18.900000000000002,column,2.5304181156213352,0.0,1.05,0.21331348687968155,0.09204996067345722,1.2305248402041096,207.49369095476567,53.915676454290264,1.0516887047886652,0.07739356452515626
18.95,column,2.5513893652472004,0.0,1.05,0.21301567376268932,0.0909111953890675,1.230578686005844,207.4953664636338,54.024664675008964,1.051568386258958,0.07758424767555841
19.0,column,2.572360614873067,0.0,1.05,0.21276480686188665,0.0901350253764433,1.2306164500009262,207.49707034143353,54.13272561993829,1.051486927082648,0.07734381280628347
19.05,normal,2.593331864498933,0.0,1.05,0.792197894781367,0.08964446131392562,1.2328758560852322,208.58363132694072,54.25856547532983,1.0514383329279104,1.8158370366495835
19.1,normal,2.6143031141248003,0.0,1.05,0.7861951027212605,0.0892393977624219,1.2357271988590963,209.5841379340908,54.40249442953899,1.0514171945649453,1.7386946069261966
19.150000000000002,normal,2.6352743637506677,0.0,1.05,0.7759579911725544,0.08902531719155471,1.2316385569715464,210.49840255899392,54.56424747621098,1.0514166356292944,1.6578341195226092
19.200000000000003,normal,2.656245613376533,0.0,1.05,0.7616787502957656,0.08908756463374734,1.2263120183622223,211.32041958128644,54.74234988269862,1.0514291509129026,1.5595010657058548
19.25,normal,2.677216863002398,0.0,1.05,0.7437283746304749,0.08955064907064314,1.2250695707426975,212.0658308291938,54.92877331567852,1.0514473441171348,1.4631408067080727
19.3,normal,2.6981881126282654,0.0,1.05,0.7237488325340774,0.09072080613238914,1.2275042267375917,212.73530709770597,55.122028165571834,1.0514645244649798,1.348597841461038
19.35,normal,2.719159362254133,0.0,1.05,0.7020552138707886,0.09321865221631659,1.232333413049956,213.34867465202103,55.31994938271788,1.0514751364317156,1.2454599458199411
19.400000000000002,normal,2.7401306118799997,0.0,1.05,0.6790943297045159,0.0979288603756458,1.2372474673353577,213.9184105684066,55.51739562716853,1.0514749435330701,1.1564348244812386
19.450000000000003,normal,2.7611018615058653,0.0,1.05,0.6559069337282747,0.10556148507745444,1.2421559735277534,214.46365045115462,55.71396171372546,1.0514634533977472,1.0988937435969035
19.5,normal,2.782073111131731,0.0,1.05,0.6326132305554631,0.11678051321051941,1.247000029239113,214.98525083057092,55.90971183502883,1.0514420985836999,1.0288933553194024
19.55,normal,2.803044360757598,0.0,1.05,0.6093131733818027,0.132009266577863,1.2517248965047947,215.4872514345297,56.10471502793786,1.0514122168858944,0.9607068752537209
19.6,normal,2.824015610383465,0.0,1.05,0.5861209981305655,0.1513971094568371,1.2562800795551037,215.95176133609527,56.2990326270965,1.0513750523455285,0.8853213667841262
19.650000000000002,normal,2.8449868600093304,0.0,1.05,0.5631645439664819,0.16718931328884146,1.2606184580802766,216.3797933627721,56.492717327110995,1.0513317568587142,0.8217877594916562
19.700000000000003,normal,2.865958109635198,0.0,1.05,0.5405859387598679,0.1434821956425834,1.2383641387958455,216.77578500523288,56.68599136772738,1.0512833923009401,0.7698455877742001
19.75,normal,2.886929359261063,0.0,1.05,0.5185017848213779,0.12404140523774343,1.2070767362227417,217.16028191898414,56.8793879131408,1.0512314013844846,0.8166268260586538
19.8,normal,2.9079006088869304,0.0,1.05,0.49693857320343293,0.10910011548260534,1.1809163492933956,217.59534687515153,57.07283664281704,1.051178897753843,0.9884807072012384
19.85,normal,2.928871858512796,0.0,1.05,0.4759822950778899,0.09861440508365721,1.1626077047810537,218.1404266362481,57.26668288207172,1.0511290643098985,1.1618593322886628
19.900000000000002,normal,2.949843108138663,0.0,1.05,0.45558548290938355,0.09218025100754018,1.1540047099372719,218.79122007213311,57.46160303602717,1.051084738397138,1.2740402079728659
19.950000000000003,normal,2.97081435776453,0.0,1.05,0.4356011946846568,0.08902054764406775,1.1554033735058682,219.4499718691721,57.6581462065203,1.0510477433789938,1.2737502446951272
20.0,normal,2.991785607390396,0.0,1.05,0.4159149758408368,0.08807674239069768,1.1653478672633772,219.9902103185753,57.8564481157914,1.0510182933269039,1.1520724920148906
20.05,normal,3.012756857016261,0.0,1.05,0.39660213064063504,0.08810819432762362,1.180951405910251,220.3323877762141,58.056130596604675,1.0509950879813108,0.9409038883741235
20.1,normal,3.0337281066421276,0.0,1.05,0.378308084353824,0.08818545639201347,1.1989417999293386,220.54536768330115,58.25664572140907,1.0509767090777002,0.7153960207177452
20.150000000000002,normal,3.054699356267995,0.0,1.05,0.3632369410871121,0.0882601616038674,1.2064861777750524,220.72942970787327,58.45761770213819,1.0509614634679023,0.6887420114001372
20.200000000000003,normal,3.0756706058938623,0.0,1.05,0.3530125970714274,0.08833345679146254,1.198380397935916,220.94702660142394,58.65895765592263,1.0509478216044503,0.8641634357845938
20.25,normal,3.0966418555197257,0.0,1.05,0.3449307584235802,0.08905241965981509,1.1937666050682125,221.20474333147718,58.86069363605337,1.0509345071210365,0.9767833420699426
20.3,normal,3.117613105145593,0.0,1.05,0.3371714864543781,0.09188291729121156,1.1927432756066396,221.46496880113943,59.06253461295735,1.0509204545688036,0.9911679243519256
20.35,normal,3.1385843547714605,0.0,1.05,0.32929782984713174,0.09809507138332024,1.1950282274612736,221.70070891651005,59.2642230745029,1.0509048037706952,0.9494567563569429
20.400000000000002,normal,3.1595556043973274,0.0,1.05,0.3212859388752511,0.10862580164852348,1.2000485111430743,221.91035880581737,59.46504319484824,1.0508869465790582,0.9041020359597537
20.450000000000003,normal,3.180526854023193,0.0,1.05,0.31339274601524725,0.12392170640878619,1.2070320191424184,222.10475455985107,59.66425178973155,1.050866584322625,0.8682340031410704
20.5,normal,3.2014981036490586,0.0,1.05,0.30600365706446664,0.1439579000512624,1.2140533767815074,222.29466876290795,59.861093588510826,1.050843739155016,0.8335319585217812
20.55,normal,3.222469353274925,0.0,1.05,0.2995288944911133,0.16837255265479267,1.211925018925989,222.4887020044437,60.05498440123628,1.0508187083124931,0.8340071509042953
20.6,normal,3.2434406029007925,0.0,1.05,0.2942013402329752,0.19663119727440914,1.2096699995036264,222.6827085352877,60.24553019559256,1.050791974077619,0.8587617382153219
20.650000000000002,normal,3.264411852526658,0.0,1.05,0.2899588634222888,0.2277131340549408,1.2020708524150507,222.86878548665788,60.432494404684256,1.0507641731334205,0.8497460800660572
20.700000000000003,normal,3.2853831021525255,0.0,1.05,0.28648887478383317,0.2557805030953168,1.1969814635668696,223.04024740765885,60.61571081534268,1.050735876591289,0.8053147167560997
20.75,normal,3.306354351778391,0.0,1.05,0.28340571754453203,0.28674040739878914,1.1948961666741906,223.19377932837523,60.79499526750616,1.050707507856463,0.7382044917387723
20.8,normal,3.327325601404258,0.0,1.05,0.28039314211973626,0.3202722447391997,1.1958518790992043,223.3258180819404,60.97017659810932,1.050679321423138,0.6587282374630438
20.85,normal,3.3482968510301236,0.0,1.05,0.2772502834149463,0.3560286500191112,1.1994471854898938,223.4343903046563,61.141129891475984,1.0506514117270005,0.5920056831228336
20.900000000000002,normal,3.3692681006559906,0.0,1.05,0.2738833430793675,0.39365975909682205,1.2049420965260365,223.52133781874733,61.30762171869675,1.050623752086052,0.5502104734588673
20.950000000000003,normal,3.390239350281858,0.0,1.05,0.2703325569558824,0.43283007663011186,1.2114091380992948,223.59396869665994,61.46951361026497,1.0506297653026972,0.5220658177987321
21.0,normal,3.411210599907723,0.0,1.05,0.26666966866618363,0.473229743770047,1.208763493671119,223.659422565411,61.626938219307036,1.0506486441616252,0.500176557920349
21.05,normal,3.4321818495335883,0.0,1.05,0.26294511344092414,0.514583010329787,1.2039614387657125,223.72582548056357,61.78014290770987,1.0506602980924002,0.5008835191925634
21.1,normal,3.4531530991594557,0.0,1.05,0.2592011059247346,0.5566565309443,1.2012010345969644,223.79795679206075,61.929307376001844,1.050665497417554,0.5178257235513705
21.150000000000002,normal,3.4741243487853226,0.0,1.05,0.255485882978553,0.5992032668380193,1.2009164884640526,223.87421964444184,62.07449028378602,1.0506649703303348,0.5289022304156304
21.200000000000003,normal,3.49509559841119,0.0,1.05,0.2518456484269796,0.6419489237162265,1.2031622064390648,223.94895998750653,62.215813869141044,1.0506594023192093,0.5202825904991897
21.25,normal,3.516066848037054,0.0,1.05,0.2482594001944248,0.6847319384424178,1.2076430855990608,224.0166620061865,62.35329522168834,1.0506494628221645,0.49435118017700547
21.3,normal,3.5370380976629208,0.0,1.05,0.24467761601053084,0.7274817911298125,1.2138047789307065,224.07719880928317,62.48686709612758,1.0506357876024415,0.46787233759917707
21.35,normal,3.558009347288788,0.0,1.05,0.24103634023592843,0.7701832364930148,1.2209548368590994,224.13474541760652,62.616426821189464,1.05061897286745,0.4559900078197085
21.400000000000002,normal,3.578980596914655,0.0,1.05,0.23727297437796988,0.8128392605748553,1.2258494103514592,224.19471673877968,62.741879742322716,1.0505995711725689,0.46323735161650914
21.450000000000003,normal,3.5999518465405207,0.0,1.05,0.23334178648569645,0.8554425663188985,1.2248545998494147,224.25989203219416,62.86327996944437,1.0505780872570278,0.4741982393029559
21.5,normal,3.6209230961663863,0.0,1.05,0.22921502608517663,0.8979595112340855,1.2101836940544621,224.35004976116846,62.98094929279343,1.0505549746014926,0.579065789184819
21.55,normal,3.6418943457922532,0.0,1.05,0.22489667904685814,0.9397035216493104,1.1836757703395762,224.52293415435514,63.09510694728986,1.050534028235134,0.7906428669253668
21.6,normal,3.66286559541812,0.0,1.05,0.22038728446806055,0.9795650258223514,1.1649871781591983,224.82996942486358,63.206297601066616,1.0505160620488556,0.9896105868170391
21.650000000000002,normal,3.6838368450439853,0.0,1.05,0.2156368561926109,1.0164718433413074,1.1560366860057114,225.26525790822788,63.31537081465953,1.0504993715454034,1.1195545343424869
21.700000000000003,normal,3.7048080946698527,0.0,1.05,0.21061383479465343,1.0496952834857867,1.1573042906648974,225.73126712831396,63.4232631157745,1.0504848097556165,1.1266484520126998
21.75,normal,3.7257793442957183,0.0,1.05,0.20543961324912252,1.0791014113705761,1.1676216209029138,226.09761532788144,63.53071010254243,1.0504726097113914,0.9962657842659899
21.8,normal,3.7467505939215853,0.0,1.05,0.20053213914837392,1.1051639449936312,1.1845358382659152,226.29708052115228,63.63811884078001,1.0504623416891548,0.7380299283557745
21.85,normal,3.767721843547451,0.0,1.05,0.1965942312207544,1.128734599883612,1.2049116119340686,226.3709907351896,63.745234466755235,1.0504531562950465,0.5170506095342813
21.900000000000002,normal,3.788693093173318,0.0,1.05,0.19426249476195898,1.1507441248057144,1.2068856986968652,226.42688598551888,63.85162579869334,1.0504441647196907,0.44407827769787983
21.950000000000003,normal,3.8096643427991856,0.0,1.05,0.19333311195833908,1.1720026340081624,1.1949211144413525,226.54495582640476,63.957011157193726,1.0504346741955446,0.5360925588408947
22.0,normal,3.8306355924250504,0.0,1.05,0.1929322031141268,1.1931237571544664,1.18954108657289,226.74272310995417,64.06134445456676,1.0504242679796316,0.6832061483466842
22.05,normal,3.851606842050916,0.0,1.05,0.19227780386183577,1.2144613564639453,1.1911470033897051,226.97866435719646,64.16453725568903,1.0504127627673523,0.7516165792760541
22.1,normal,3.872578091676784,0.0,1.05,0.1909858400831522,1.2359889240424031,1.199135336638864,227.19488639928983,64.2665938595214,1.050400122576205,0.7270231899413889
22.150000000000002,normal,3.8935493413026507,0.0,1.05,0.18898212671367556,1.2576970630704039,1.21214040381163,227.3543211854385,64.36741757160765,1.0503863839953669,0.6280576244092563
22.200000000000003,normal,3.9145205909285177,0.0,1.05,0.18641385530997862,1.2795916955676854,1.2245767232040246,227.45030317825604,64.46685863828102,1.0503716249879265,0.4818818456904501
22.25,normal,3.935491840554381,0.0,1.05,0.18361849844056338,1.301689729054043,1.2268079335437518,227.50790385662825,64.56460172916678,1.0503559909411653,0.3447303732385723
22.3,normal,3.956463090180248,0.0,1.05,0.18117314604573434,1.3240132937578946,1.2298050947718648,227.55217883876645,64.66031795340446,1.050339609309787,0.303101587826748
22.35,normal,3.977434339806116,0.0,1.05,0.17986407644650027,1.3465839471962764,1.2332238430463411,227.5983310021183,64.75372003255548,1.050322606249099,0.3326541308215817
22.400000000000002,normal,3.9984055894319828,0.0,1.05,0.1795725261582819,1.360356508863981,1.2367211781730691,227.6479431965517,64.84474487734809,1.0503051663799305,0.3599648577633073
22.450000000000003,normal,4.019376839057848,0.0,1.05,0.17947553413920803,1.3670209273099636,1.2399781931606013,227.69066485810185,64.93384775096615,1.0502875413003456,0.3544983582725975
22.5,normal,4.0403480886837135,0.0,1.05,0.1792314984430134,1.3739855227098499,1.2392982337579177,227.72896187517426,65.02133078484866,1.050269969353156,0.35542038832154027
22.55,normal,4.0613193383095805,0.0,1.05,0.17880687702221204,1.3813020075043687,1.234614182942426,227.7671231517499,65.107556854756,1.050252671264725,0.3689930843146419
22.6,normal,4.082290587935447,0.0,1.05,0.17826602424602034,1.3890462016689997,1.2262144771565255,227.8090055184108,65.19292149107407,1.0502358426018503,0.39420174187731477
22.650000000000002,normal,4.1032618375613135,0.0,1.05,0.17771966315409066,1.3973125210162634,1.2196305298667074,227.8566250551856,65.27782142734245,1.0502196457735322,0.4259314182604078
22.700000000000003,normal,4.12423308718718,0.0,1.05,0.1773190266565091,1.4062053976486444,1.2153319132011027,227.90892003091918,65.36260162318885,1.0502042025067426,0.4484346347216113
22.75,normal,4.145204336813046,0.0,1.05,0.17726042000994055,1.415828454835401,1.2135347685397837,227.96226762239752,65.44756691911837,1.050189588617058,0.4537141781813368
22.8,normal,4.166175586438913,0.0,1.05,0.17773102395403612,1.4262739433571094,1.2141788113680159,228.01190579635795,65.53297288375921,1.0501758331932334,0.43964239760158386
22.85,normal,4.1871468360647786,0.0,1.05,0.17877517316325786,1.4376141529716966,1.2169507513345943,228.05427453670904,65.61902267908317,1.0501629234961707,0.40881978279671116
22.900000000000002,normal,4.2081180856906455,0.0,1.05,0.18023647129099554,1.4498959918018035,1.2213479965450191,228.08860326926936,65.70587423369143,1.0501508150593886,0.3671056255984594
22.950000000000003,normal,4.229089335316512,0.0,1.05,0.18188585207852892,1.4631392527426759,1.2267644526789219,228.11679168918437,65.79365750315756,1.0501394446299541,0.323149230968118
23.0,normal,4.2500605849423785,0.0,1.05,0.18354150616333215,1.4773383907289228,1.2248090835147152,228.14191883358683,65.88249409733946,1.0501287428232677,0.2929790494129747
23.05,normal,4.271031834568244,0.0,1.05,0.18508622459469054,1.492467021245198,1.2233838431873016,228.16653384084879,65.97250850342945,1.0501186440078134,0.2885554156694655
23.1,normal,4.292003084194111,0.0,1.05,0.18644804583387192,1.5084839285241107,1.2230918591067472,228.19171237802826,66.0638254155772,1.0501090923595784,0.2973733868860601
23.150000000000002,normal,4.3129743338199775,0.0,1.05,0.1875868614956423,1.5253392604036025,1.2239214163665624,228.21713111339835,66.15655699518499,1.0501000443376436,0.30537864222240463
23.200000000000003,normal,4.333945583445845,0.0,1.05,0.188492559778325,1.5429798471682858,1.2257341617038608,228.24177664843936,66.25078927238525,1.0500914685421414,0.304161673297598
23.25,normal,4.354916833071708,0.0,1.05,0.18918887230306156,1.5613531264491762,1.2282919553932685,228.26398894986266,66.34664539914516,1.0500833440375563,0.28413104870105643
23.3,normal,4.375888082697576,0.0,1.05,0.18972979433639517,1.5804097583144772,1.2312921913635997,228.28614225963327,66.44402903958517,1.050075658011818,0.2843930372520932
23.35,normal,4.3968593323234435,0.0,1.05,0.19014171075865116,1.6001053830321872,1.2344061037710896,228.31219810078613,66.54281321865403,1.0500684277296481,0.31308322479409145
23.400000000000002,normal,4.41783058194931,0.0,1.05,0.19035236857450175,1.620401957914655,1.2337425513755969,228.34416900765729,66.64291473640559,1.050061670988018,0.34146917118265996
23.450000000000003,normal,4.4388018315751765,0.0,1.05,0.1902283853018306,1.6412688360489485,1.231688035771451,228.38122516059434,66.74432164353767,1.0500553997659765,0.36112393810712934
23.5,normal,4.459773081201041,0.0,1.05,0.18965068867400003,1.6626834285897456,1.2296361751481952,228.42002249594543,66.84709162706734,1.0500503411767999,0.36721166790666454
23.55,normal,4.480744330826909,0.0,1.05,0.1885607129435242,1.6846311221345056,1.2299936880378792,228.4563602950854,66.95132536748253,1.050047576071415,0.35726023682091
23.6,normal,4.5017155804527755,0.0,1.05,0.18696858829069693,1.7071041806992144,1.2299661306977696,228.48721530615586,67.0571285819291,1.0500449284295885,0.3326819175637567
23.650000000000002,normal,4.522686830078641,0.0,1.05,0.18493953125214904,1.7300995963951233,1.2258007253029013,228.51185669848815,67.16457756467733,1.0500423925558997,0.3015695059212451
23.700000000000003,normal,4.543658079704508,0.0,1.05,0.18257045847885087,1.7536161426066599,1.222679248282705,228.53147635843388,67.2736975639836,1.0500399650900651,0.27605460203272136
23.75,normal,4.564629329330374,0.0,1.05,0.1799652705408672,1.7776511069227257,1.2209102516749588,228.54789889990587,67.38445594952292,1.0500376446478876,0.25453389112211977
23.8,normal,4.585600578956241,0.0,1.05,0.17721625232403823,1.8021972623300282,1.2206425309931226,228.56243901818246,67.49676671783057,1.0500354313465283,0.22909726867860938
23.85,normal,4.606571828582106,0.0,1.05,0.1743957354782833,1.8272405564454515,1.2218526905388332,228.57555930865664,67.61050159814414,1.050033326228723,0.1982785996941697
23.900000000000002,normal,4.627543078207973,0.0,1.05,0.17155660615921797,1.8527587914860153,1.224360566791964,228.5872116672495,67.72550439613015,1.0500313306160802,0.1768726981874436
23.950000000000003,normal,4.6485143278338406,0.0,1.05,0.16873663055098237,1.878721298252872,1.227489652242687,228.59732267777758,67.84160601242924,1.0500294454467975,0.17026766588070466
24.0,normal,4.669485577459706,0.0,1.05,0.16596241920322571,1.905089361211007,1.2262032706806938,228.60580538251043,67.95862169082139,1.050027670677467,0.16544679896614928
24.05,normal,4.690456827085571,0.0,1.05,0.1632543539680788,1.931817014757727,1.2257228457082197,228.61284403432484,68.07635763180194,1.050026004839133,0.1589465775750777
24.1,normal,4.711428076711439,0.0,1.05,0.16063070989665187,1.9588518591643271,1.226065629191765,228.61907124391422,68.19464995021067,1.050024444823628,0.14976678450016814
24.150000000000002,normal,4.732399326337306,0.0,1.05,0.15811235264533188,1.986135731552216,1.2271545967945654,229.03566642252696,68.30826559187862,1.050022985934463,0.6773285412495114
24.200000000000003,normal,4.7533705759631735,0.0,1.05,0.15706612163689945,2.0136041689193718,1.228832002966867,229.37737390803892,68.41868860708786,1.0500216222227587,0.646748898846725
24.25,normal,4.774341825589038,0.0,1.05,0.1573527512210452,2.0411854676211894,1.2281287291922607,229.63714841297633,68.52767990301412,1.0500203469980902,0.6215327933766821
24.3,normal,4.795313075214904,0.0,1.05,0.15900346619481637,2.0688003230700662,1.2084031145512775,229.82695105032911,68.63614959817542,1.050019153383444,0.5961635018960412
24.35,normal,4.816284324840771,0.0,1.05,0.16273123341440848,2.096362961139815,1.1888648575705576,229.98038066044526,68.74372181393103,1.050018034795773,0.5754264586354905
24.400000000000002,normal,4.837255574466639,0.0,1.05,0.1684154573670799,2.123784346761827,1.1721372064270075,230.14663037779263,68.8495718232564,1.050016985275214,0.542637241843786
24.450000000000003,normal,4.858226824092504,0.0,1.05,0.17522713610169455,2.148347003247072,1.160563847806039,230.36486730631174,68.95373298823998,1.0500159996410698,0.530136340502361
24.5,normal,4.879198073718369,0.0,1.05,0.1831160771114701,2.1684825066632287,1.1556074272638375,230.6278858565592,69.05759920844051,1.050015073502779,0.6609592177777502
24.55,normal,4.900169323344237,0.0,1.05,0.19216138050999354,2.188040914298707,1.1573820966207609,230.87956852103594,69.16243881339662,1.0500142031849544,0.7074411445908582
24.6,normal,4.921140572970104,0.0,1.05,0.20233138274217916,2.2065172687798214,1.1646580322072664,231.06805608557016,69.26839630505725,1.0500133856304914,0.6554321058286152
24.650000000000002,normal,4.942111822595969,0.0,1.05,0.2134829341801668,2.2234069813845574,1.1753658148115778,231.1921129674875,69.37494415406655,1.0500126183261729,0.551606918794936
24.700000000000003,normal,4.963083072221836,0.0,1.05,0.2254444792325591,2.2383244677203633,1.185676610358185,231.64308955964742,69.47499506379933,1.0500118992594218,0.9564301910336426
24.75,normal,4.984054321847701,0.0,1.05,0.23788387724356466,2.25113173672716,1.1879656925650954,232.0335175335396,69.56990214080164,1.0500112269432367,0.8947430223121524
24.8,normal,5.005025571473568,0.0,1.05,0.25080715871882775,2.26201166307698,1.1951169503878971,232.35285626774106,69.66530347088784,1.0500106003971004,0.8403853042405143
24.85,normal,5.025996821099434,0.0,1.05,0.26430200661572256,2.2714394271917575,1.2060864258383375,232.59705769226957,69.7638945503806,1.0500100190041572,0.7633270045925931
24.900000000000002,normal,5.046968070725301,0.0,1.05,0.27847260897145254,2.2800682472707177,1.2158175880286426,232.77517531860835,69.86143646573116,1.0500094822287556,0.6646331426051558
24.950000000000003,normal,5.067939320351169,0.0,1.05,0.29324594512538377,2.28859115881842,1.2149029009374304,232.97042730471344,69.95949469834258,1.0500089891925348,0.7165379460092793
25.0,normal,5.088910569977033,0.0,1.05,0.30844022790742065,2.297636485829937,1.2165298377527043,233.15469086321116,70.05929743549142,1.0500085382600561,0.7115100070518465
25.05,normal,5.109881819602901,0.0,1.05,0.323876650368212,2.307715217803387,1.2181643045026653,233.3040381091472,70.16127168115501,1.0500081267831771,0.6428644212721853
25.1,normal,5.130853069228766,0.0,1.05,0.3393654923540065,2.31920871601615,1.2192117180063924,233.4124404386858,70.2651534118118,1.0500077510902792,0.5337883824831945
25.150000000000002,normal,5.151824318854634,0.0,1.05,0.3547005360134886,2.3323772827203095,1.2109503955815597,233.48452763528428,70.36995664686935,1.050007406712827,0.47726016432482676
25.200000000000003,normal,5.172795568480501,0.0,1.05,0.3696545270413131,2.3472298042701496,1.2090296917270045,233.9260982184732,70.46864455557483,1.0500070887648503,0.9409067041390088
25.25,normal,5.193766818106366,0.0,1.05,0.38270645508164686,2.3637335898519867,1.2130664311412906,234.3759411977746,70.56213725618812,1.0500068159228793,0.9736436196704927
25.3,normal,5.214738067732231,0.0,1.05,0.39371025900880524,2.3818504572813675,1.2219109959372125,234.78895325427112,70.65392573426674,1.050006983715114,0.9700107773248355
25.35,normal,5.235709317358098,0.0,1.05,0.4025908770331318,2.4015323365303223,1.230437315214934,235.14896671601576,70.74771490092459,1.0500071093411623,0.9531385933929647
25.400000000000002,compressed,5.256680566983965,0.0,1.05,0.7457816105479883,2.422718678431517,1.2358666523293829,236.28890999356986,70.82304669174927,1.0500071882344428,1.9713316922620123
25.450000000000003,compressed,5.277651816609831,0.0,1.05,0.7465792791769801,2.436530693136266,1.2383297483855027,237.3405781698263,70.88165853849365,1.0500072209231741,1.902512815281499
25.5,column,5.298623066235696,0.0,1.05,0.8978146399739233,2.443072422718843,1.2366749677298126,238.83664481324396,70.92821425952897,1.0500072108239886,2.396854656192665
