time,mode,center_x,center_y,center_z,formation_error,min_obstacle_clearance,min_pair_distance,total_energy,total_path_length,avg_force_norm
0.0,normal,-5.4,0.0,1.2,0.006395848403360549,2.7006154910302964,0.8085000039213607,1.8313391916886421,0.031979242016802745,2.558339361344278
0.05,normal,-5.379,0.0,1.2,0.024007348398711166,2.697482798882861,0.8256817619819631,3.6009365308528607,0.09546318787809388,2.520537007244431
0.1,normal,-5.3580000000000005,0.0,1.2,0.047675906649553956,2.692678091279098,0.8515190180855002,5.231435302623012,0.18930478959885816,2.4291953935841755
0.15000000000000002,normal,-5.337,0.0,1.2,0.07432906824520695,2.686110951722114,0.8855338097731921,6.636772347972846,0.3115132867282929,2.2707547653738596
0.2,normal,-5.316000000000001,0.0,1.2,0.1033477845385006,2.677696007124033,0.9293326428418462,7.687101965668702,0.4570496808971271,1.9812162262573914
0.25,normal,-5.295,0.0,1.2,0.13300659775730753,2.667370596231301,0.9842549839001536,8.292842688847319,0.6136925780076162,1.3364405396880272
0.30000000000000004,normal,-5.274000000000001,0.0,1.2,0.1619800352756146,2.6551962319552898,1.0504440423989971,9.050579881724696,0.7753083181874151,1.4604745386677251
0.35000000000000003,normal,-5.253,0.0,1.2,0.18987789415672793,2.6413899688039795,1.1268842803596935,9.8154721784955,0.9396936204886419,1.5877555858545134
0.4,normal,-5.232000000000001,0.0,1.2,0.2165340689975082,2.6262977647488013,1.209951219871474,10.334038394268259,1.1045711407272913,1.317777222319094
0.45,normal,-5.211,0.0,1.2,0.2409259370778269,2.6103262865778474,1.2502383117985207,10.706735474198906,1.260170406217265,1.1260778916446057
0.5,normal,-5.190000000000001,0.0,1.2,0.2625743577871441,2.5938847761368775,1.2591588933868176,11.24940608086027,1.402728248521348,1.2643449757455505
0.55,normal,-5.1690000000000005,0.0,1.2,0.28146529790533703,2.5773444277289252,1.267934839196698,11.782830983579128,1.5325241304636439,1.2152981933657603
0.6000000000000001,normal,-5.148000000000001,0.0,1.2,0.2976422062836324,2.5610152585310546,1.276048984458692,12.305458362546245,1.6501758883882989,1.2007609180873138
0.65,normal,-5.127000000000001,0.0,1.2,0.3112071752476811,2.5451385331577674,1.283252446320698,12.81084350382773,1.7566753596893518,1.2002632582082675
0.7000000000000001,normal,-5.106,0.0,1.2,0.32225014130810564,2.529801199875391,1.2894427684053773,13.293114841458562,1.8537041452975043,1.1773538907419625
0.75,normal,-5.085000000000001,0.0,1.2,0.33085179920026336,2.514967724830833,1.2946353652674514,13.746523348876075,1.9436631797138881,1.1360881376659795
0.8,normal,-5.064,0.0,1.2,0.33711138702340593,2.5006018535828467,1.2988552128198512,14.16774107408275,2.029403221867853,1.089693662023508
0.8500000000000001,normal,-5.043,0.0,1.2,0.3411440326594729,2.486666909878485,1.3021355305871376,14.554355886161623,2.113826760786025,1.0387969515306774
0.9,normal,-5.022,0.0,1.2,0.3430787189253447,2.47312607703794,1.3045097586832075,14.904848659541283,2.199405810464042,0.9840221163644742
0.9500000000000001,normal,-5.001,0.0,1.2,0.3430566257304518,2.459942661662579,1.3060225323830774,15.218548447675973,2.2879445934711238,0.9259877947141819
1.0,normal,-4.98,0.0,1.2,0.3412297014149191,2.4470803394945095,1.3067349722571109,15.495569412404834,2.380618905702547,0.865304800009785
1.05,normal,-4.9590000000000005,0.0,1.2,0.33775935140778646,2.4345033833470424,1.3067010426091994,15.736733320908646,2.478120112171405,0.8025747511055015
1.1,normal,-4.938000000000001,0.0,1.2,0.3328151337066898,2.422176873098179,1.3059772120523114,15.943481362383384,2.5807894563017477,0.7383900858557947
1.1500000000000001,normal,-4.917,0.0,1.2,0.3265733290244841,2.410066887798159,1.3046215440373035,16.117778884936456,2.6887165943931124,0.6733361364241894
1.2000000000000002,normal,-4.896000000000001,0.0,1.2,0.31921521863489755,2.398140679990937,1.302692868305955,16.26201642428107,2.801808932658366,0.6079964303310146
1.25,normal,-4.875,0.0,1.2,0.3109248708025874,2.386366832391846,1.300250035069141,16.378910104431682,2.919841610154113,0.5429632055299963
1.3,normal,-4.854000000000001,0.0,1.2,0.3018862353716824,2.374715397102621,1.2973512528652178,16.471404151606926,3.0424948040435136,0.47885638121410967
1.35,normal,-4.833,0.0,1.2,0.2922794172289697,2.363158017582842,1.2928346972606068,16.542577890302468,3.1693823082904977,0.4163554418197286
1.4000000000000001,normal,-4.812,0.0,1.2,0.28227618485550426,2.3516680336354856,1.268611978543914,16.595559198611255,3.3000737836378438,0.35624675584543497
1.4500000000000002,normal,-4.791,0.0,1.2,0.27196878299088495,2.340220569705097,1.2443156075709363,16.635985522167832,3.4345213749873738,0.3278971529214188
1.5,normal,-4.77,0.0,1.2,0.2614548937683027,2.328792606830615,1.2217506029883274,16.68526219086337,3.5722876503609657,0.39735914032341585
1.55,normal,-4.7490000000000006,0.0,1.2,0.2507280753465656,2.317363038641563,1.202567048332566,16.80273063710027,3.7132145287184053,0.5992275648066725
1.6,normal,-4.728,0.0,1.2,0.23966298554301466,2.3057588621832457,1.1882069289881667,17.036442113305895,3.857814123680161,0.8631412358561545
1.6500000000000001,normal,-4.707,0.0,1.2,0.22818943815612078,2.29371630935581,1.1804845098042989,17.378569932813175,4.006610526260326,1.0629555926279788
1.7000000000000002,normal,-4.686,0.0,1.2,0.21668386073590007,2.280912312452955,1.1793668897101999,17.785111711317917,4.157989574908527,1.198387217588053
1.75,normal,-4.665000000000001,0.0,1.2,0.20567242852491616,2.2669765665171653,1.1555489945919417,18.36791686779874,4.3093318111294225,1.4635085636862921
1.8,normal,-4.644,0.0,1.2,0.19569449010459605,2.2515237601949014,1.1326457473980167,19.319070986611873,4.4586041733839,1.777003708701662
1.85,normal,-4.623,0.0,1.2,0.1868926382384255,2.2342043765925705,1.123761562643761,20.28851692827809,4.6074033022041725,1.748982335421546
1.9000000000000001,normal,-4.602,0.0,1.2,0.17947658751547935,2.21457350389268,1.1283352401297428,21.16322923287591,4.758699885555781,1.6350839712131875
1.9500000000000002,normal,-4.581,0.0,1.2,0.1739078307109681,2.192689785948277,1.1457323230984744,21.958669854822194,4.91535941247372,1.5473292571531254
2.0,normal,-4.5600000000000005,0.0,1.2,0.17060702619819962,2.1687015060055925,1.17342984145579,22.515987205726894,5.078384235880036,1.3172384537674278
2.0500000000000003,normal,-4.539,0.0,1.2,0.16940884059560837,2.142975274272124,1.2058464849790937,22.710726770868945,5.2454847447428685,0.822387946157986
2.1,normal,-4.518000000000001,0.0,1.2,0.16962997767034166,2.1160425267528966,1.2194989411373842,22.780588678560896,5.413730837423368,0.46637906805941826
2.15,normal,-4.497000000000001,0.0,1.2,0.1703377521706654,2.0885188290665617,1.2293142175268303,22.852215240276664,5.580814513012541,0.5188364146424213
2.2,normal,-4.476,0.0,1.2,0.1707932425737121,2.0610226222438666,1.2398966303761114,22.964862736468255,5.745321592736872,0.5842035023108609
2.25,normal,-4.455,0.0,1.2,0.1707828616828911,2.0341124347133563,1.2461223389921419,23.082293359420717,5.906886226737189,0.5695842783305671
2.3000000000000003,normal,-4.434,0.0,1.2,0.1770686680168244,2.008249249581038,1.2478589270494778,23.20091085080946,6.065340619862426,0.620799452937846
2.35,normal,-4.413000000000001,0.0,1.2,0.18337178878324614,1.9837829267640943,1.2488080470596776,23.326240560229614,6.220267435163999,0.6640483242865518
2.4000000000000004,normal,-4.392,0.0,1.2,0.18828600781283433,1.9609587075435913,1.2489556622354507,23.45814267362198,6.371406032511109,0.6885395106969795
2.45,normal,-4.371,0.0,1.2,0.19173470295619516,1.939928164953564,1.2483561847307767,23.593814197951822,6.518628092838511,0.6952504016923932
2.5,normal,-4.35,0.0,1.2,0.19375305749770666,1.9206360820278292,1.2471228229804623,23.720204965828273,6.662094685475946,0.6684548990373888
2.5500000000000003,normal,-4.329000000000001,0.0,1.2,0.1944185559428294,1.9029918925942557,1.2454151724842843,23.834404480634326,6.802016743596528,0.6314759687243807
2.6,normal,-4.308,0.0,1.2,0.1938311990141104,1.886901785903141,1.2434245503464267,23.93650204605438,6.938597978264009,0.5910170043062479
2.6500000000000004,normal,-4.287000000000001,0.0,1.2,0.19210626653177987,1.8722699819456012,1.2409746842963356,24.027179072590325,7.072035073381854,0.5491684239413728
2.7,normal,-4.266,0.0,1.2,0.18936767960914924,1.8589998228652627,1.2381872747796938,24.10744467399866,7.202516633851957,0.5077339356956918
2.75,normal,-4.245,0.0,1.2,0.18574193406879996,1.8469946873758947,1.2358809396751305,24.178337748244893,7.330220280744121,0.4680024533428456
2.8000000000000003,normal,-4.224,0.0,1.2,0.18139051426011726,1.8361587404522413,1.2342159652665534,24.236483870547495,7.455217169262273,0.4146421706152349
2.85,normal,-4.203,0.0,1.2,0.17663983365453859,1.8263975345522045,1.233200567380832,24.273059819594984,7.577106842865573,0.3102912110476885
2.9000000000000004,normal,-4.182,0.0,1.2,0.17184917433856522,1.8176184812467786,1.2189377595996371,24.30951603618653,7.695292026298738,0.31210100749240316
2.95,normal,-4.161,0.0,1.2,0.16737997365531374,1.8096935957821574,1.2014317176491676,24.374909151067072,7.809227050617772,0.42191190207612506
3.0,normal,-4.140000000000001,0.0,1.2,0.1636007269387118,1.8023754983393852,1.1887721476664568,24.487686293319612,7.918949480649484,0.5198993870197226
3.0500000000000003,normal,-4.119000000000001,0.0,1.2,0.1607736401528936,1.7954140790164204,1.182194307899245,24.648342723957256,8.024885251743674,0.5946434803640598
3.1,normal,-4.098000000000001,0.0,1.2,0.15901492127382408,1.7885656226684172,1.1820634076476075,24.827053197907343,8.127872294987432,0.6205811162517048
3.1500000000000004,normal,-4.077,0.0,1.2,0.15829972308324133,1.7816091883261842,1.1877848987670359,24.98156810698178,8.228912619758502,0.6218812264235959
3.2,normal,-4.056000000000001,0.0,1.2,0.1584889210728285,1.7743633823146807,1.1980059129561311,25.087890986915504,8.328696852654481,0.5744623134003477
3.25,normal,-4.035,0.0,1.2,0.15937613336335288,1.766700701926861,1.2109883926475256,25.150947123809757,8.42743624415205,0.48481115446459977
3.3000000000000003,normal,-4.014,0.0,1.2,0.16073535724324778,1.7585563074686446,1.2249725652867705,25.191294547468967,8.5250098282033,0.3962663780616166
3.35,normal,-3.993,0.0,1.2,0.16235530103700563,1.7493989292700272,1.2251621877570653,25.22778592474456,8.621198092695538,0.3749381100116499
3.4000000000000004,normal,-3.972,0.0,1.2,0.16405644457880914,1.7326240263567934,1.2248120161292786,25.269798191438262,8.715850894309538,0.4008322916959061
3.45,normal,-3.951,0.0,1.2,0.16569434087702145,1.715814058774262,1.2253514510832024,25.318208888275,8.808965334961574,0.4106538477832379
3.5,normal,-3.9300000000000006,0.0,1.2,0.16715556228627837,1.6989546634412653,1.226807620421738,25.369393383265596,8.900698194777158,0.39146884953031946
3.5500000000000003,normal,-3.909,0.0,1.2,0.16835206688086707,1.6820686177910542,1.2291125344925706,25.41859039963734,8.9913329087759,0.3476054448037016
3.6,normal,-3.888000000000001,0.0,1.2,0.16921745728391802,1.6652124511750304,1.2321144104110002,25.461766165577533,9.08121047528031,0.2879187414557434
3.6500000000000004,normal,-3.867,0.0,1.2,0.16970609527093777,1.648468334158024,1.2355958115679804,25.49639743858446,9.170639937696793,0.26094687723389515
3.7,normal,-3.8460000000000005,0.0,1.2,0.16979420958465466,1.6319330654138284,1.2391417698175367,25.521744491875168,9.2598196269484,0.2600830847687058
3.75,normal,-3.8250000000000006,0.0,1.2,0.16948130641573061,1.6157060996380344,1.2418601084485035,25.53892590390917,9.348801333036082,0.24270085278151163
3.8000000000000003,normal,-3.8040000000000007,0.0,1.2,0.16879023844103394,1.5998782315688589,1.2431109352053444,25.55081959048223,9.437509055115862,0.21378226807037787
3.85,normal,-3.7830000000000004,0.0,1.2,0.167764484910923,1.584522002781812,1.2344473888978638,25.561435590431977,9.525772334781688,0.1952745381526751
3.9000000000000004,normal,-3.7620000000000005,0.0,1.2,0.16646452525374122,1.5696902848889642,1.2263989170179261,25.575214784509022,9.613413670268935,0.22910113508308
3.95,normal,-3.741,0.0,1.2,0.16496176375327107,1.5554040230968138,1.21971015504032,25.595499148486972,9.700361360914927,0.2775938621830502
4.0,normal,-3.7200000000000006,0.0,1.2,0.1633300985232519,1.5416450052972637,1.214961934218618,25.62274946589414,9.786705492269125,0.31213034421576297
4.05,normal,-3.6990000000000003,0.0,1.2,0.16163811088499505,1.5283569075208787,1.2124973427555914,25.65394810019655,9.872687770219342,0.3229269921724699
4.1000000000000005,normal,-3.678,0.0,1.2,0.15994362691476754,1.5154490504145348,1.2123805811316626,25.683821251294106,9.95864359506944,0.3073118945949561
4.15,normal,-3.657,0.0,1.2,0.1582918217397651,1.5028062356278984,1.214402412931623,25.70730507284138,10.04490271412482,0.26725893237645426
4.2,normal,-3.6360000000000006,0.0,1.2,0.15671814053708383,1.4903008959555366,1.2181310356562987,25.721752520901305,10.131679015526382,0.20610052180952626
4.25,normal,-3.615,0.0,1.2,0.15525067306131685,1.477796646534377,1.222993237920018,25.728257173106343,10.219110429329952,0.13988811622753472
4.3,normal,-3.5940000000000003,0.0,1.2,0.15391798990402478,1.4651588568843439,1.228363958510994,25.730437720699726,10.307280371230519,0.08590011911268827
4.3500000000000005,normal,-3.5730000000000004,0.0,1.2,0.15338810685175408,1.4522656613049059,1.2327237334739651,25.732547529289945,10.396253485667787,0.0783381224486461
4.4,normal,-3.5520000000000005,0.0,1.2,0.154493805492322,1.4390180773694718,1.2305332534020414,25.73780678527868,10.486106558618356,0.1434168432395267
4.45,normal,-3.531,0.0,1.2,0.1555868151093333,1.425347809410807,1.2290961103157865,25.74757701362678,10.576944080819873,0.1965211965397009
4.5,normal,-3.5100000000000007,0.0,1.2,0.15659007435577368,1.4112215577962945,1.2284623508156407,25.761399224877064,10.668896460804884,0.23217837288077625
4.55,normal,-3.4890000000000008,0.0,1.2,0.1574646221833671,1.3966412331848936,1.228603058626001,25.77758567709033,10.76210451562594,0.249362836359705
4.6000000000000005,normal,-3.4680000000000004,0.0,1.2,0.15818353806587993,1.3816402412890094,1.2294217562324552,25.793999059863957,10.856696806080198,0.2488334373177457
4.65,normal,-3.447,0.0,1.2,0.15873149126137095,1.3662767169714682,1.2307717701227334,25.808745535617263,10.95276732975325,0.23269882654032376
4.7,normal,-3.426,0.0,1.2,0.15910456149637103,1.3506250263319381,1.2324764189124493,25.8206364368332,11.050360234433185,0.2042483258185835
4.75,normal,-3.4050000000000007,0.0,1.2,0.15930932624452993,1.3347669266232034,1.2343491077315552,25.8293746075962,11.149465641578061,0.16839818622358602
4.800000000000001,normal,-3.3840000000000003,0.0,1.2,0.15936112295005853,1.3187835326678854,1.2351439196273277,25.835480341434923,11.250027001969068,0.13434268497328275
4.8500000000000005,normal,-3.363,0.0,1.2,0.15928159536067943,1.30274883541895,1.2318273784494558,25.84000722050994,11.351956833115164,0.11660718921147106
4.9,normal,-3.3420000000000005,0.0,1.2,0.1590957673297806,1.2867251098878578,1.2288742601658214,25.84413479492526,11.455155386785673,0.11398580337561053
4.95,normal,-3.3209999999999997,0.0,1.2,0.15882899815903223,1.2707602358277408,1.2265551825232055,25.848764806042798,11.559526460129414,0.11868913795362941
5.0,normal,-3.3000000000000003,0.0,1.2,0.1585042278590723,1.2548867639218122,1.2250588640729645,25.8542613662042,11.66498626457116,0.12589942209754068
5.050000000000001,normal,-3.279,0.0,1.2,0.15813988684454033,1.239122470160125,1.224475962365135,25.86042855296144,11.771464362676126,0.12854054955089422
5.1000000000000005,normal,-3.258,0.0,1.2,0.15774872121979988,1.223472108713015,1.2247952576399124,25.86671354401139,11.878898852446714,0.13541965071041032
5.15,normal,-3.237,0.0,1.2,0.157337602546294,1.2079300604771557,1.225912644842529,25.87251551014362,11.987229748283863,0.1399835865445426
5.2,normal,-3.216,0.0,1.2,0.15690819740339795,1.1924835590818217,1.22765086051329,25.87744153857721,12.096394176352844,0.1358499187158648
5.25,normal,-3.1950000000000003,0.0,1.2,0.15645821744684213,1.1771161558917875,1.2297859765446566,25.881405098046702,12.206325120614492,0.12529394902044358
5.300000000000001,normal,-3.1740000000000004,0.0,1.2,0.155982905544574,1.1618110720231998,1.2320760172814935,25.884564900859875,12.316953327855991,0.11197895992967402
5.3500000000000005,normal,-3.153,0.0,1.2,0.15547648185237722,1.1465540965685854,1.2342875882705735,25.887180870741187,12.428210685379248,0.10093282536708728
5.4,normal,-3.132,0.0,1.2,0.15493344742308995,1.1313357418376466,1.2362176787887564,25.889479918556102,12.540033225165253,0.09500474115061382
5.45,normal,-3.111,0.0,1.2,0.15434973406512897,1.116152464326878,1.2359157310256401,25.891588382567072,12.652362544081548,0.09032380645915049
5.5,normal,-3.0900000000000003,0.0,1.2,0.15372355463686166,1.1010068956253052,1.2355233065372706,25.893537045936164,12.765145323342896,0.08261617592481427
5.550000000000001,normal,-3.069,0.0,1.2,0.15305581028061405,1.0859071774569038,1.2352934752649622,25.895309219858383,12.878331371888628,0.072265053433444
5.6000000000000005,normal,-3.048,0.0,1.2,0.15235072417783996,1.0708656280092563,1.2352006258875707,25.896893200225918,12.99187101935377,0.06974496452027741
5.65,normal,-3.027,0.0,1.2,0.1516214431682332,1.0558970526977374,1.235207009840797,25.89831186958174,13.105712732795071,0.06964266851557088
5.7,normal,-3.0060000000000002,0.0,1.2,0.15095654462930064,1.041017033646175,1.2352696848447249,25.89962190966397,13.21980161388523,0.06970418073018296
5.75,normal,-2.9850000000000003,0.0,1.2,0.15058364189799747,1.0262404885888199,1.235347254949673,25.900891595884943,13.33407907417055,0.0674694987828531
5.800000000000001,normal,-2.964,0.0,1.2,0.15039063720555468,1.0115806989696166,1.2340729182841592,25.90217327029876,13.448483608060727,0.062210683791585494
5.8500000000000005,normal,-2.943,0.0,1.2,0.15033482604600312,0.9970488959683454,1.232574219121975,25.903484317399673,13.56295228562784,0.0596786763322521
5.9,normal,-2.922,0.0,1.2,0.15041857102402534,0.9826543889134445,1.2312332615822927,25.90480313161118,13.677422435414682,0.06625074211888379
5.95,normal,-2.9010000000000002,0.0,1.2,0.15064312285308717,0.9684051411369083,1.230161469452297,25.906079312289776,13.791833008878035,0.069384781127972
6.0,normal,-2.8800000000000003,0.0,1.2,0.15100384348794085,0.9543086497841455,1.2294367846431007,25.907252987588798,13.906125297810089,0.06724649306970414
6.050000000000001,normal,-2.859,0.0,1.2,0.15148942097041385,0.9403729647325474,1.2290984660614848,25.908276628507576,14.020242952208736,0.06023682736416806
6.1000000000000005,normal,-2.838,0.0,1.2,0.15016421712127812,0.9321568461677414,1.2291354660594414,26.63131650626517,14.135506795083199,1.1169963077074245
6.15,normal,-2.817,0.0,1.2,0.14780194505490626,0.9293594692665785,1.2294972129075779,27.249786611600268,14.255127330679835,1.0576177558372026
6.2,normal,-2.7960000000000003,0.0,1.2,0.14607612727699498,0.9316321866487198,1.227977690919284,27.758885620511563,14.380918363133302,1.0084172110956462
6.25,normal,-2.7750000000000004,0.0,1.2,0.14777723825882938,0.9385908946334618,1.217704298437222,28.16745178554868,14.51365886210251,0.9698927930778538
6.300000000000001,normal,-2.754,0.0,1.2,0.1548385866150781,0.9498331217776232,1.2048810684939881,28.49892497497997,14.653592302093735,0.9424260432777508
6.3500000000000005,normal,-2.733,0.0,1.2,0.16543996707212888,0.9599841511495562,1.1931601942172854,28.757872386377443,14.795055980758885,0.8806128298523049
6.4,normal,-2.712,0.0,1.2,0.176918567284185,0.9678162490473208,1.1881996995605337,29.083441538471227,14.932657396902473,0.9794440168010322
6.45,normal,-2.6910000000000003,0.0,1.2,0.18858965371699116,0.973793396370424,1.190113899468836,29.400906831642384,15.067028980992653,0.9649372791565666
6.5,normal,-2.6700000000000004,0.0,1.2,0.2001961440012165,0.977938908905579,1.1980367220505606,29.649082707009363,15.198744175653802,0.8580143339165753
6.550000000000001,normal,-2.649,0.0,1.2,0.21155188986078777,0.9803311403020689,1.2103906997536336,29.808264893204615,15.328236643474423,0.6909401872539804
6.6000000000000005,normal,-2.628,0.0,1.2,0.2224552723801355,0.9810883967936499,1.222232389885926,29.90263248577609,15.455792082155881,0.5048183038053125
6.65,normal,-2.607,0.0,1.2,0.23259719936275342,0.9799794165897213,1.2254255587233174,29.987384318080036,15.581369332625975,0.4409295892588296
6.7,normal,-2.5860000000000003,0.0,1.2,0.2414705401268975,0.976560400174513,1.2295977964002092,30.12893463659729,15.70436419793474,0.5859855556770547
6.75,normal,-2.5650000000000004,0.0,1.2,0.24859488192730325,0.9696078064062801,1.2295496665833456,30.34393854746675,15.824166906070072,0.7473756306151823
6.800000000000001,normal,-2.544,0.0,1.2,0.25365047354464715,0.9605571502352288,1.2257679519720388,30.61721001875609,15.940754909804786,0.8668561376132262
6.8500000000000005,normal,-2.523,0.0,1.2,0.25656981489751046,0.9505290552376844,1.2284540213593818,30.89331383062135,16.054801876343518,0.8904718326370455
6.9,normal,-2.5020000000000002,0.0,1.2,0.2574865930047773,0.9372244919012072,1.2368195527939685,31.126837025349563,16.16711242412312,0.8358267567422656
6.95,normal,-2.481,0.0,1.2,0.2585297147194344,0.9280152130835659,1.236422609268464,31.675911509694068,16.281959793774497,1.2009670866878552
7.0,normal,-2.460000000000001,0.0,1.2,0.2598468833754112,0.9230976062566432,1.2359884922680198,32.16667103754742,16.40147138422601,1.1401080619962305
7.050000000000001,normal,-2.439,0.0,1.2,0.2614838301404746,0.9225194836266477,1.2355599409177958,32.71320844954775,16.523422656895352,1.1719066428137341
7.1000000000000005,normal,-2.418,0.0,1.2,0.26471146447079785,0.9256580412522155,1.2351754608097385,33.38025535858105,16.649034724727162,1.3710449653209533
7.15,normal,-2.3970000000000002,0.0,1.2,0.26929208227567575,0.9174538449990595,1.2238355182612868,33.90788208445349,16.780395269320167,1.2179747816675843
7.2,normal,-2.3760000000000003,0.0,1.2,0.27556048250120535,0.91235136184234,1.2028070367505255,34.16320670564824,16.91986845552986,0.8762730532073724
7.25,normal,-2.3550000000000004,0.0,1.2,0.28303134178452394,0.914994671621747,1.17421358394711,34.92981819823322,17.06181605363072,1.262611029818316
7.300000000000001,normal,-2.334,0.0,1.2,0.2906784321451143,0.9209014859772697,1.142067526294237,35.637866761802506,17.203454910695378,1.3912470891289463
7.3500000000000005,normal,-2.3129999999999997,0.0,1.2,0.2985067389139831,0.9149077611605394,1.1110527835586743,36.021062491318034,17.34665298673768,1.021689486355919
7.4,normal,-2.2920000000000007,0.0,1.2,0.306564419894624,0.91117082561916,1.0812926054771248,36.36076025205273,17.491995883283355,0.9550494436231217
7.45,normal,-2.2710000000000004,0.0,1.2,0.31355435813919497,0.9052584688451653,1.059212339253302,36.79890955217745,17.633942422792533,1.0859246465333117
7.5,normal,-2.25,0.0,1.2,0.3188082053027694,0.8954059938323613,1.0444298766989442,37.31532676329134,17.76899515520419,1.1241374145976475
7.550000000000001,normal,-2.229,0.0,1.2,0.32260741610525523,0.8843601138941923,1.0365253341900669,37.741646294997054,17.89899023211821,1.0328266652706557
7.6000000000000005,normal,-2.208,0.0,1.2,0.32432658004903653,0.8717611624278503,1.0350473803836053,38.14684385169185,18.020247250916164,1.0527981473238106
7.65,normal,-2.1870000000000003,0.0,1.2,0.32514980994009973,0.857261903854194,1.0395255385122253,38.5267482591147,18.138372971694864,1.065467225496358
7.7,normal,-2.1660000000000004,0.0,1.2,0.3256266978184549,0.842736462334613,1.0435047495329492,39.05808254388672,18.25074743950942,1.2925327354882667
7.75,normal,-2.1450000000000005,0.0,1.2,0.3258552894752529,0.828017145354486,1.046828572014298,39.58099153510371,18.359686246777432,1.2928994648007248
7.800000000000001,normal,-2.124,0.0,1.2,0.3258562400667427,0.8131534883232683,1.0495199733548564,40.059142454422144,18.466748418474538,1.23582116433671
7.8500000000000005,normal,-2.103,0.0,1.2,0.32560156581308475,0.798402335037433,1.0516851694389684,40.46930041673805,18.572909123735677,1.1307728019779013
7.9,normal,-2.0820000000000003,0.0,1.2,0.3250275723792921,0.7841410252670504,1.0534771774682583,40.804230845863884,18.678787468781806,0.993392481833854
7.95,normal,-2.0610000000000004,0.0,1.2,0.3252838387885097,0.7707402766359006,1.0491377097038026,41.274813581696165,18.785525019025293,1.140128325812944
8.0,normal,-2.0400000000000005,0.0,1.2,0.3248826530412379,0.7500910242338228,1.0447569226025686,41.71518796811493,18.88920194614858,1.114426604681373
8.05,normal,-2.019,0.0,1.2,0.3237587784698305,0.7297058501006182,1.0404388100058513,42.08732556497524,18.9906236450564,1.0069660934687978
8.1,normal,-1.9980000000000007,0.0,1.2,0.3218560481258366,0.7105985137954822,1.0363529502976365,42.40252427339995,19.090494330754556,0.9630191309897796
8.15,normal,-1.9770000000000003,0.0,1.2,0.3191626401276548,0.6931072494143675,1.0327078154560967,42.66889218608891,19.194231841964122,0.9013900338514338
8.200000000000001,normal,-1.956,0.0,1.2,0.3157185869637232,0.6774613588954854,1.0297275266709929,42.88773621008327,19.301781815687892,0.8152839523603171
8.25,normal,-1.9350000000000005,0.0,1.2,0.31156308237386376,0.6636791322106799,1.0277235033654897,43.08006463025967,19.412942859873887,0.7533939872151778
8.3,normal,-1.9140000000000001,0.0,1.2,0.3080619971701267,0.6516866667673222,1.0222404572009949,43.16095042527998,19.527203530815253,0.4727461130871805
8.35,normal,-1.8930000000000007,0.0,1.2,0.3040160195048947,0.6370564941689401,1.0198961142232965,43.634816325974384,19.63414837175002,1.007248546979745
8.4,normal,-1.8720000000000003,0.0,1.2,0.2998254639817907,0.6227098260539281,1.0210799546344551,44.36087484173651,19.732034874610278,1.2579317385749085
8.450000000000001,normal,-1.851,0.0,1.2,0.29575691664064746,0.6097796463767402,1.0260065524209923,45.2772761520531,19.83193441788088,1.3829032684086378
8.5,normal,-1.8300000000000005,0.0,1.2,0.2917746999145086,0.5970373375211673,1.0349425380965243,46.18925913000072,19.93541925505307,1.3588040428450148
8.55,normal,-1.8090000000000002,0.0,1.2,0.28791477129927395,0.5803230186407151,1.0481870797764457,47.096102678234075,20.04574331596031,1.3242142878872905
8.6,normal,-1.7880000000000007,0.0,1.2,0.28454478711982406,0.5620169595605544,1.0646380501684487,47.714465376853695,20.16575285789418,1.1182489092031302
8.65,compressed,-1.7670000000000003,0.0,1.2,0.5922902491755921,0.5463910074101082,1.072362400768337,48.89353844168713,20.273883084950448,2.0870854390014797
8.700000000000001,compressed,-1.746,0.0,1.2,0.5920654802683188,0.5333002706415029,1.0758779940914347,50.21269132333603,20.36681601460459,2.1082016899908336
8.75,compressed,-1.7250000000000005,0.0,1.2,0.5876317154917896,0.5226562384598463,1.0748979122155398,51.41068994848457,20.447249494545776,1.9363927858577497
8.8,compressed,-1.7040000000000002,0.0,1.2,0.5789746293581883,0.514438466100875,1.069815011308717,52.515297831311344,20.525817689368026,1.9092943387558114
8.85,compressed,-1.6830000000000007,0.0,1.2,0.566198720939832,0.5086725809477175,1.061555921276207,53.577576477440296,20.612900384716603,1.909068208389963
8.9,compressed,-1.6620000000000004,0.0,1.2,0.5497319937757927,0.5054233180759251,1.0515226013703471,54.5417803217569,20.711274532381164,1.8332503363154384
8.950000000000001,compressed,-1.641,0.0,1.2,0.5310565426822651,0.5024318588080816,1.0451453652670666,55.045492009539295,20.814924188213006,1.2475784996285486
9.0,compressed,-1.6200000000000006,0.0,1.2,0.5106394692202914,0.4994552832920134,1.0432403762838531,55.45943846091984,20.92405508361817,1.1363097423850612
9.05,compressed,-1.5990000000000002,0.0,1.2,0.4889180903668784,0.4962529673994984,1.0465865131074767,55.808349819170104,21.03907014130521,1.0360122402749856
9.1,compressed,-1.5780000000000007,0.0,1.2,0.46628804800490825,0.4925867182340813,1.0558641139209677,56.11324204139,21.160545002493652,0.9670621989775222
9.15,compressed,-1.5570000000000004,0.0,1.2,0.4430858431734507,0.4882309212014988,1.0716011131907293,56.39718970890604,21.289300970266407,0.9566001554114599
9.200000000000001,compressed,-1.536,0.0,1.2,0.41959269278191924,0.48299905139832044,1.0941481951660266,56.678575040037686,21.426341380107512,0.9700431170024786
9.25,compressed,-1.5150000000000006,0.0,1.2,0.3961288003599369,0.47677790805924536,1.123671400664871,57.15866750021866,21.572608084613815,1.201641429408236
9.3,compressed,-1.4940000000000002,0.0,1.2,0.37291376374201174,0.4695647240645402,1.1500443735005637,57.60545904494787,21.72927976202426,1.148092738433398
9.35,compressed,-1.4730000000000005,0.0,1.2,0.35000165789128623,0.46302899944335363,1.1480606997060996,58.01105589166688,21.894447906011887,1.0236456693516873
9.4,compressed,-1.4520000000000002,0.0,1.2,0.3271898050693669,0.4597522112285448,1.149216569344115,58.54443831623555,22.065754857609654,1.2533384584244793
9.450000000000001,compressed,-1.431,0.0,1.2,0.30446669901542184,0.4611487967043304,1.153400466149812,59.21410948932113,22.242115572662804,1.424459712445953
9.5,compressed,-1.4100000000000008,0.0,1.2,0.2825319045758484,0.467986331079681,1.1646548939366894,60.14091291828433,22.424474131809387,1.6720006495145945
9.55,compressed,-1.3890000000000002,0.0,1.2,0.2620336938910378,0.4804892155607392,1.1804410972217603,60.922434164511415,22.612394064784752,1.5380814274114472
9.600000000000001,compressed,-1.3680000000000003,0.0,1.2,0.2525618347950548,0.4984561292759768,1.1963040940758385,61.549727790291044,22.801072811749275,1.4924799907886492
9.65,compressed,-1.3470000000000004,0.0,1.2,0.25919203866441404,0.5216509176462525,1.1544677565176324,62.495657608724756,22.983644575444266,1.824337853577036
9.700000000000001,compressed,-1.3259999999999996,0.0,1.2,0.26966670511330026,0.5497904749835585,1.1263648968111977,63.514114127267334,23.163783022226305,1.8503000052364758
9.75,compressed,-1.3050000000000004,0.0,1.2,0.28421557906426986,0.5825448944578746,1.111487477021599,64.45652319997546,23.342737910733625,1.7623695900538994
9.8,compressed,-1.2839999999999996,0.0,1.2,0.3034454036093778,0.6194479909466144,1.109309981933532,65.32327226891182,23.520044054897255,1.6691764757059726
9.850000000000001,compressed,-1.263,0.0,1.2,0.3272096364113683,0.6599906862204108,1.1193004163949052,66.12277865506482,23.694801832422854,1.57889587335316
9.9,compressed,-1.242,0.0,1.2,0.35457834880500627,0.703665096419116,1.140923535975318,66.86611709510038,23.866036712792635,1.4947316801227035
9.950000000000001,compressed,-1.221,0.0,1.2,0.38394976456022895,0.7483847766126679,1.1736441566777471,67.56298824179586,24.033365003780943,1.415039758014463
10.0,compressed,-1.2000000000000002,0.0,1.2,0.413478098388801,0.7935814178838703,1.2132243166284307,68.12412957075827,24.204689487281378,1.137723198161473
10.05,compressed,-1.1790000000000003,0.0,1.2,0.4423860109355414,0.8391039049995221,1.253868308098135,68.49837854600119,24.374427801831857,1.1135927648509085
10.100000000000001,compressed,-1.1579999999999995,0.0,1.2,0.4701810965602743,0.8695022046819803,1.291790384193581,68.88430578848497,24.539012962088268,1.1038917518664442
10.15,compressed,-1.1370000000000005,0.0,1.2,0.496563438279776,0.8841490828841228,1.3257217989569763,69.6426227593585,24.697482455392976,1.5269915414774196
10.200000000000001,compressed,-1.1159999999999997,0.0,1.2,0.5214389485408044,0.8947933204862835,1.3252808372174025,70.09660588871765,24.8502571027287,1.2214546422482944
10.25,compressed,-1.0950000000000004,0.0,1.2,0.5434823098325667,0.8810283237890839,1.3168198593659848,70.84963765139838,24.991886482503734,1.6304294840674474
10.3,compressed,-1.0739999999999996,0.0,1.2,0.5626772417642669,0.8571301815512979,1.3064973645431677,71.60602005793154,25.123439047194648,1.6379340987291435
10.350000000000001,compressed,-1.053,0.0,1.2,0.5792108037931856,0.8352596848983656,1.2945158501720992,72.54674175302478,25.25199834007644,1.7763804041729951
10.4,compressed,-1.032,0.0,1.2,0.5930188027597777,0.819077183362243,1.2810836986398093,73.42783812624435,25.38411211131424,1.7052945588664978
10.450000000000001,compressed,-1.0110000000000001,0.0,1.2,0.6042020851304977,0.8082447796325434,1.2664124204933422,74.25720730193386,25.52239134051741,1.6374688519964185
10.5,compressed,-0.9900000000000002,0.0,1.2,0.6119756053915826,0.8003164908351585,1.2514587355977391,75.55739396902531,25.66183953725931,2.1801854999282697
10.55,compressed,-0.9690000000000002,0.0,1.2,0.6166621684948914,0.7941843674029287,1.2373529370100063,76.69167376053773,25.80592117012185,2.0364927293309067
10.600000000000001,compressed,-0.9479999999999994,0.0,1.2,0.6184548914055744,0.7823732352846633,1.2251979969278948,77.55796442140979,25.950362619570658,1.7998210806379382
10.65,compressed,-0.9270000000000004,0.0,1.2,0.617710981218963,0.7724073464148471,1.2159472186889615,78.32737058988472,26.096603290418436,1.699698704582346
10.700000000000001,compressed,-0.9059999999999996,0.0,1.2,0.6148300051768187,0.7639973186095028,1.2102696702546025,79.00732897615491,26.24581229203848,1.600460125801068
10.75,compressed,-0.8850000000000007,0.0,1.2,0.6095677822112365,0.7543251423376852,1.2084431270018623,79.97810134181223,26.396372326851637,1.8554370489550513
10.8,compressed,-0.8639999999999999,0.0,1.2,0.6022842654646393,0.7429905692146731,1.210315768768671,80.87195788733999,26.54997670966973,1.7603418105785373
10.850000000000001,compressed,-0.843,0.0,1.2,0.5933115887574463,0.7297143111474919,1.2153540273987256,81.68486299357535,26.70893499998494,1.6497486007141025
10.9,compressed,-0.8220000000000001,0.0,1.2,0.5821730914526537,0.7143070045362302,1.2227580495048773,82.41326735529651,26.870357299956275,1.5221769780737686
10.950000000000001,compressed,-0.801,0.0,1.2,0.5687829918162001,0.6967144593757121,1.2314072957586664,83.0952959527379,27.036694156848476,1.4478345259434833
11.0,compressed,-0.7800000000000002,0.0,1.2,0.5532221465810248,0.6771407915964679,1.2020323680501277,83.71207657039686,27.208505773089122,1.332623651895227
11.05,compressed,-0.7590000000000003,0.0,1.2,0.5366734238117375,0.6558664930114101,1.1787395600983441,84.57861905683603,27.379439187751444,1.6182131146107772
11.100000000000001,compressed,-0.7379999999999995,0.0,1.2,0.5192507779359664,0.6332333398582911,1.1637062774705662,85.50395754337319,27.54986523672971,1.7234255997590846
11.15,compressed,-0.7170000000000005,0.0,1.2,0.5022586489983929,0.6112498667900049,1.158138329954632,86.31207970279964,27.716132675878704,1.557616405078581
11.200000000000001,compressed,-0.6959999999999997,0.0,1.2,0.4859125573352679,0.5899400343894231,1.1617668614336616,87.07445741050472,27.87966180396939,1.5093880543305962
11.25,compressed,-0.6750000000000007,0.0,1.2,0.4704464784571072,0.5752226678747184,1.1717456484810151,88.05453951180955,28.042343403769806,1.735925220926525
11.3,compressed,-0.6539999999999999,0.0,1.2,0.4563111876463012,0.566958848178413,1.1330333359983331,89.09199262007319,28.2039655369575,1.7469204792817539
11.350000000000001,compressed,-0.6329999999999999,0.0,1.2,0.4447312747962167,0.5650290924555946,1.1008990379988564,90.11446929085122,28.364895044762847,1.6500387159347287
11.4,compressed,-0.6120000000000001,0.0,1.2,0.43553239678084915,0.5693380832689457,1.079035709018058,91.1774221882394,28.527052670768036,1.6754109886635047
11.450000000000001,compressed,-0.5910000000000001,0.0,1.2,0.42857586566191674,0.5798172645471203,1.0676735842455933,92.24500922911876,28.693318369591022,1.6551865483803394
11.5,compressed,-0.5700000000000002,0.0,1.2,0.4237603435340314,0.5964249517838643,1.0666312795546367,93.2647161979933,28.865810507523793,1.597613275014647
11.55,compressed,-0.5490000000000004,0.0,1.2,0.42107678888544325,0.6191438742520802,1.0755539328975667,94.22204249748204,29.045683391226998,1.5611565177103608
11.600000000000001,compressed,-0.5279999999999996,0.0,1.2,0.4189333964266214,0.6432327808351134,1.0918706410680228,95.5426454425924,29.2249864519891,2.0401115748830767
11.65,compressed,-0.5070000000000005,0.0,1.2,0.41695149732071257,0.6651242277514752,1.1146107950148916,96.36076427951676,29.401305358894657,1.579828418020244
11.700000000000001,compressed,-0.48599999999999965,0.0,1.2,0.4149746687644166,0.6828210192172238,1.1401105066086374,97.33630865454813,29.57370449332936,1.7399485510123647
11.75,compressed,-0.46500000000000075,0.0,1.2,0.4133316898359114,0.6960997350317119,1.1580512111655792,98.23163239721771,29.742789131601434,1.7925057228477168
11.8,compressed,-0.44399999999999995,0.0,1.2,0.4129685524319441,0.7047916964615802,1.143614400457239,98.95094843286883,29.912170418230225,1.6215866153087461
11.850000000000001,compressed,-0.42299999999999993,0.0,1.2,0.414817530821251,0.708755117952958,1.1115542722024239,99.8495450517334,30.086136412816483,1.7109993343897394
11.9,compressed,-0.402,0.0,1.2,0.4188536660195451,0.7083463747864328,1.0877047199404273,100.8161177142415,30.265478774127555,1.8549683879202323
11.950000000000001,compressed,-0.38100000000000017,0.0,1.2,0.42516678309662936,0.7039068165405119,1.0718638409158687,101.66091787742242,30.45234364023493,1.783084329835417
12.0,compressed,-0.3600000000000003,0.0,1.2,0.4339885014268007,0.699657249986959,1.0668336978568997,102.5298809321813,30.647578225570495,1.7427636364254966
12.05,compressed,-0.3390000000000003,0.0,1.2,0.4452855438482313,0.6959963442941818,1.0718549858911932,103.25747617528243,30.852827517585084,1.5361366031612076
12.100000000000001,compressed,-0.3179999999999995,0.0,1.2,0.45924660582290083,0.6934347227374903,1.0861268876317498,103.8992658083171,31.069121374180188,1.3514574493009892
12.15,compressed,-0.2970000000000006,0.0,1.2,0.4749056532929961,0.6887551748989865,1.1071674706068328,104.77424326548557,31.290417966807464,1.634341438343806
12.200000000000001,compressed,-0.2759999999999998,0.0,1.2,0.49207009661294326,0.6417154509650534,1.128365958997902,105.668612546899,31.51069894843073,1.679134456322884
12.25,compressed,-0.25500000000000067,0.0,1.2,0.5110529531069307,0.5950035571142935,1.1499939263764434,106.57903476055179,31.72785461687851,1.740333260991171
12.3,compressed,-0.2339999999999999,0.0,1.2,0.5323997429733544,0.5487275223304892,1.1692015631385875,107.66074270201706,31.942397978029966,1.9024207956409653
12.350000000000001,compressed,-0.21300000000000002,0.0,1.2,0.55499881189734,0.5028866283095419,1.1872923149128236,108.56301372945445,32.15311884504365,1.7338411176100539
12.4,compressed,-0.192,0.0,1.2,0.5770831761358568,0.45750492198299075,1.1957989280378822,109.47372319719352,32.35759099195514,1.7704225321473406
12.450000000000001,compressed,-0.17100000000000015,0.0,1.2,0.5982974382192571,0.4126589403043978,1.1971481783937905,110.32216582868857,32.55771073028407,1.6842489854681724
12.5,compressed,-0.1500000000000003,0.0,1.2,0.6183781691556115,0.3685121847429758,1.2011031104552192,111.12957868992191,32.754535012591134,1.6214107675871194
12.55,compressed,-0.12900000000000045,0.0,1.2,0.6369523232021168,0.32536161235493144,1.2069190898026,111.50450326976875,32.94768391926738,1.1712982393558196
12.600000000000001,compressed,-0.10799999999999964,0.0,1.2,0.6539665665042789,0.28372650860497584,1.2137514430366547,111.84622754826283,33.137526531297695,1.119637074330778
12.65,compressed,-0.08700000000000055,0.0,1.2,0.6693948713098171,0.2444984000089743,1.2207634947361599,112.1629809015747,33.32440261088603,1.0844869603690739
12.700000000000001,compressed,-0.06599999999999977,0.0,1.2,0.6821664264234883,0.20919279411817193,1.2272132910115772,112.68500958204704,33.50330443386552,1.3341730568499368
12.75,compressed,-0.04500000000000073,0.0,1.2,0.6924945268250728,0.1815383017103889,1.2330329600661079,113.64169823827362,33.66897782556072,1.8543083691371027
12.8,compressed,-0.023999999999999938,0.0,1.2,0.7003936765594123,0.16243457169413994,1.2368893825754521,114.50321745544836,33.823954092790316,1.7546140492644393
12.850000000000001,compressed,-0.0030000000000000304,0.0,1.2,0.7059540872645277,0.15169638442965216,1.232485860752469,115.26900094112607,33.97103655450939,1.6503419427725565
12.9,compressed,0.01799999999999989,0.0,1.2,0.7093358527800656,0.14155619985989865,1.2289012325645183,115.93843722275888,34.11312745316739,1.540440882466965
12.950000000000001,compressed,0.038999999999999785,0.0,1.2,0.710759214783381,0.12989280447027496,1.2263216293356005,116.51155356922374,34.252958549169065,1.4240402572254631
13.0,compressed,0.05999999999999972,0.0,1.2,0.7097474528222862,0.11729219039445926,1.224804570785472,117.30975976085537,34.3882523188531,1.578219082147614
13.05,compressed,0.08099999999999959,0.0,1.2,0.7058979176232256,0.10401606053010304,1.224284865125387,118.41719473901634,34.51755257934657,1.8353017876330164
13.100000000000001,compressed,0.1020000000000004,0.0,1.2,0.7175666827753142,0.31000000000000005,1.2245965099641967,119.48663800756314,34.64333086968878,1.774623956597739
13.15,compressed,0.12299999999999942,0.0,1.2,0.7094761675926635,0.30655221391127574,1.2255073513548391,120.52192033977919,34.76571479480718,1.7143935421085164
13.200000000000001,compressed,0.14400000000000024,0.0,1.2,0.6989658953913999,0.2996497041923223,1.225750298728319,121.52819669628207,34.89529142118076,1.65698828685989
13.25,compressed,0.1649999999999992,0.0,1.2,0.6869632274197806,0.2892998993913134,1.2220176748999736,122.72441372255444,35.032000617222984,1.9662285999813598
13.3,compressed,0.18600000000000005,0.0,1.2,0.6735126609800691,0.2755363358362444,1.218651903171883,123.86389339262256,35.17904929123668,1.9179601675627296
13.350000000000001,compressed,0.20699999999999996,0.0,1.2,0.6580215336712931,0.259293419302437,1.2098879771933366,125.088364975596,35.33263331577037,1.9860386827398422
13.4,compressed,0.22799999999999987,0.0,1.2,0.6419569298496596,0.24176856135599745,1.1837310054359178,126.16875730699648,35.48591396521629,1.839308391521633
13.450000000000001,compressed,0.24899999999999978,0.0,1.2,0.6257614184121407,0.22401330540113973,1.1588365075187568,127.20900222560101,35.63719701305876,1.7951102143620041
13.5,compressed,0.26999999999999963,0.0,1.2,0.6113299897446679,0.20668414686590753,1.119941401505762,128.01851268201338,35.77724033367542,1.5535104475602066
13.55,compressed,0.2909999999999996,0.0,1.2,0.599070932479411,0.19013966296706064,1.0867866459585793,128.82211128948776,35.90772308757692,1.46619569465884
13.600000000000001,compressed,0.3120000000000004,0.0,1.2,0.5890771900335458,0.17447766044542967,1.057580371359368,129.5649279005226,36.03229293957659,1.3856439494200257
13.65,compressed,0.3329999999999994,0.0,1.2,0.5814430096409571,0.15959346598554558,1.0310558110140016,130.28416129450108,36.15451289539506,1.4325035976433083
13.700000000000001,compressed,0.3540000000000001,0.0,1.2,0.5762887674075576,0.14528320799394967,1.0089027302630815,131.13986256448595,36.277348838932404,1.5802774252807668
13.75,compressed,0.3749999999999992,0.0,1.2,0.5727051656576758,0.13139364394890496,0.9912926332174675,132.01317320439313,36.40647663128653,1.640194882984932
13.8,compressed,0.396,0.0,1.2,0.5685725778675929,0.11783755811143681,0.9769468986396896,132.85027097142628,36.53385434601326,1.542716194524412
13.850000000000001,compressed,0.4169999999999999,0.0,1.2,0.5639023872650114,0.10469265885786583,0.9656165090660094,133.648453251931,36.662812042363456,1.5001302696988184
13.9,compressed,0.4379999999999998,0.0,1.2,0.5817886847987109,0.31000000000000005,0.9567746043062609,134.38443976912916,36.79653935754526,1.4141175693529555
13.950000000000001,overflight,0.4589999999999998,0.0,1.85,0.7957035131445684,0.3108368944736919,0.9532811405415986,135.86739824500077,36.93608262196442,2.362619447116124
14.0,overflight,0.4799999999999996,0.0,1.85,0.7884739495627121,0.3128772389631238,0.9504880410964787,137.1982975320824,37.07999002998631,2.213271023570092
14.05,overflight,0.5009999999999996,0.0,1.85,0.7792977991961807,0.3167117349858817,0.9474652455350662,137.94324349430508,37.22721162844711,1.6438604473058809
14.100000000000001,overflight,0.5220000000000004,0.0,1.85,0.7683646234635344,0.32314995333385,0.9468758956661703,138.77987574241976,37.3738287828254,1.768969373197033
14.15,overflight,0.5429999999999993,0.0,1.85,0.7558457150916957,0.33229020564321,0.9475859006720869,139.57988624121924,37.5207905820085,1.7373061840852568
14.200000000000001,overflight,0.5640000000000003,0.0,1.85,0.7419563767307575,0.3438212350047025,0.949902007280269,140.2668505233247,37.66938392511261,1.6049848997850014
14.25,overflight,0.5849999999999992,0.0,1.85,0.726977340716866,0.35741428493734384,0.9538658751985676,140.83666814987657,37.82050555478098,1.4614139326697697
14.3,overflight,0.606,0.0,1.85,0.7115103580719737,0.3727267787685282,0.9583424100078338,141.59819982874797,37.976135402550646,1.5723696809570638
14.350000000000001,overflight,0.6269999999999999,0.0,1.85,0.6956254465351143,0.3894060090502396,0.9687296613101053,142.71623536180337,38.136681198743545,1.8877793556674676
14.4,overflight,0.6479999999999997,0.0,1.85,0.6796652386891648,0.40710528373583776,0.9849293574291179,143.75379635236573,38.305117361412954,1.7972357958086085
14.450000000000001,overflight,0.6689999999999998,0.0,1.85,0.6640589120300148,0.42548423939865443,1.0071738119305134,144.6611332691376,38.48325823838021,1.668722829997268
14.5,overflight,0.6899999999999996,0.0,1.85,0.6492392080522957,0.4442091427153285,1.0211895199877603,145.09202504329912,38.663977438863824,1.2273687850473736
14.55,overflight,0.7109999999999995,0.0,1.85,0.635428541812644,0.46295319491157105,1.009820040780299,145.3732235111955,38.84511682110592,1.0228099812446683
14.600000000000001,overflight,0.7320000000000003,0.0,1.85,0.6228103618418008,0.4814046308023583,0.9996082697770282,145.59711210056616,39.02484954486695,0.9141708432279344
14.65,overflight,0.7529999999999992,0.0,1.85,0.6115794315066742,0.4992705213483153,0.990499322633827,145.82823607768816,39.20225741460466,0.9383987102187575
14.700000000000001,overflight,0.7740000000000002,0.0,1.85,0.6020042512236379,0.5162760618583735,0.9824580629985221,146.0648763604251,39.3785601242416,0.9574747261936049
14.75,overflight,0.7949999999999992,0.0,1.85,0.5948172546215265,0.5321637819175566,0.975894756052687,147.03707190158036,39.554530551101436,1.6153716220545835
14.8,overflight,0.8131077107283047,0.0,1.85,0.5914711549122208,0.5466900537531743,0.9723554187070841,147.99529419716026,39.73345755051523,1.6102451232746922
14.850000000000001,overflight,0.8303115810592043,0.0,1.85,0.5908387510046428,0.5596283932313644,0.9730301903555872,148.89423134455808,39.91662695105694,1.6255833838697196
14.9,overflight,0.8475154513901042,0.0,1.85,0.5911546419969129,0.5707761241988858,0.9784140945987468,149.55796677345685,40.10137252720079,1.3722913821463303
14.950000000000001,overflight,0.864719321721004,0.0,1.85,0.592877006097721,0.5799588512343057,0.9885530345693901,150.25989339685594,40.288142326016924,1.4485268935678062
15.0,overflight,0.8819231920519037,0.0,1.85,0.5959787036048457,0.5870327835666007,1.0031258311079048,150.95889581428875,40.47689591090409,1.46357635079867
15.05,overflight,0.8991270623828035,0.0,1.85,0.6002024563649562,0.5918845353272015,1.021559615391803,151.5971479851823,40.664507161888544,1.4154952913336698
15.100000000000001,overflight,0.9163309327137039,0.0,1.85,0.6051989169767606,0.5944285669762941,1.0431890838028552,151.93179020201032,40.848285685883695,1.121554277847636
15.15,overflight,0.9335348030446031,0.0,1.85,0.6109491662074557,0.5946030922539474,1.067347629295204,152.20610530225088,41.02926596895665,1.0245888997049666
15.200000000000001,overflight,0.9507386733755034,0.0,1.85,0.6174669203837083,0.5923650857473137,1.0935281755157595,152.4381180841313,41.20845047046653,0.9451704604880223
15.25,overflight,0.9679425437064025,0.0,1.85,0.6240288230947844,0.5876848952315448,1.1252025112211665,152.83776329356994,41.38264755080381,1.173087207839964
15.3,overflight,0.9851464140373032,0.0,1.85,0.6310663675611782,0.5805439675381368,1.1521352525620112,153.0885413467825,41.553889107332886,0.9817146827205171
15.350000000000001,overflight,1.0023502843682028,0.0,1.85,0.639151392505238,0.5711471933472869,1.1415935412471705,153.70870770465987,41.72278623946763,1.4252659803308148
15.4,overflight,1.0195541546991027,0.0,1.85,0.646894521314505,0.5599137477495675,1.1416692119371237,154.7772566879396,41.88436942829021,1.9840230396156606
15.450000000000001,overflight,1.0367580250300024,0.0,1.85,0.6552162452795501,0.5472022693937135,1.1512573965413162,156.1106034047757,42.0417943986865,2.300997962657144
15.5,overflight,1.053961895360902,0.0,1.85,0.6634277784995458,0.5333069696929242,1.1679656526617705,157.72969605260158,42.196498366733614,2.4985362831749027
15.55,overflight,1.0711657656918019,0.0,1.85,0.6706647818091591,0.5184605061537715,1.1891095236690026,159.10152130408565,42.3486269968218,2.284182911554269
15.600000000000001,overflight,1.0883696360227026,0.0,1.85,0.6761100345999862,0.5028332719781567,1.2120886982670516,160.30373929240088,42.49664691478104,2.1014609011755003
15.65,overflight,1.1055735063536014,0.0,1.85,0.6795166677810078,0.48652666893009533,1.2035528150535255,161.47633042448,42.64447540585209,2.094512086339526
15.700000000000001,overflight,1.122777376684502,0.0,1.85,0.6809205336075274,0.4695614565692461,1.1993984974525824,162.5359597862511,42.79479502367448,2.015263506145023
15.75,overflight,1.1399812470154012,0.0,1.85,0.6804734109794679,0.4518636767652582,1.2005920220899844,163.43778255878559,42.9485444705515,1.8684253997237725
15.8,overflight,1.1571851173463017,0.0,1.85,0.6788917960893807,0.43325327229998845,1.2057336097491307,164.34097661065337,43.093704919432035,1.7816066834177113
15.850000000000001,overflight,1.1743889876772013,0.0,1.85,0.6756391630818255,0.41344502677452444,1.195736592006558,165.43494100071277,43.22809851546758,1.877334528900691
15.9,overflight,1.1915928580081012,0.0,1.85,0.6708271315320827,0.3922423140086908,1.1917037607135468,166.4918999839982,43.353766324660626,1.803444393878371
15.950000000000001,overflight,1.2087967283390009,0.0,1.85,0.6645647511812733,0.3696288754897352,1.193844212369036,167.52977768040256,43.4739711042995,1.7603763633079268
16.0,overflight,1.2260005986699007,0.0,1.85,0.6566008498834335,0.3458228120093394,1.2017105277851148,168.88830433636562,43.595078383234565,2.054884179725329
16.05,overflight,1.2432044690008004,0.0,1.85,0.6459051530477149,0.3212600264763561,1.1898260905089104,169.9243377495373,43.71803573416291,1.7832826529696786
16.1,overflight,1.260408339331701,0.0,1.85,0.6328340029946715,0.29650471702654335,1.162454236152116,170.86080851525628,43.843520292447366,1.669259100688873
16.150000000000002,overflight,1.2776122096626006,0.0,1.85,0.6167612590872612,0.2722379113995792,1.1417856231322236,172.2734731258184,43.97460695277714,2.158954188724649
16.2,overflight,1.2948160799934998,0.0,1.85,0.6002885866857278,0.24916973102709083,1.1305884254923426,172.94686461447648,44.106254247228435,1.3865585603905126
16.25,overflight,1.3120199503244003,0.0,1.85,0.5835431061981274,0.22792621242146427,1.1286829312958446,173.59447238976344,44.23935365469612,1.352495212197431
16.3,overflight,1.3292238206553,0.0,1.85,0.5674444107955179,0.20898660589457485,1.1355488037595813,174.47787849719478,44.37731083131846,1.7011828344856839
16.35,overflight,1.3464276909861996,0.0,1.85,0.5523697842309025,0.19245740759732133,1.1499692274850553,175.21934091014248,44.52377744584156,1.575676870034338
16.400000000000002,overflight,1.3636315613171002,0.0,1.85,0.5385934814964339,0.17840797718236012,1.1694212764818561,176.05880957964752,44.67496052181751,1.7131351129556969
16.45,overflight,1.3808354316479994,0.0,1.85,0.526697594649458,0.166863149447116,1.1914145118810664,176.76006552328082,44.82450382918114,1.5488834905921742
16.5,overflight,1.3980393019788993,0.0,1.85,0.5154257191534659,0.15780635988282032,1.213058708373305,177.52360198055433,44.97437129629685,1.6307427092502675
16.55,overflight,1.415243172309799,0.0,1.85,0.5048746404251925,0.15118988579740145,1.2186890386755076,178.27522159349638,45.12426473822372,1.643001285573731
16.6,overflight,1.4324470426406994,0.0,1.85,0.49549334410332396,0.14694244901250442,1.1966289286402445,178.90665545515938,45.274166366520845,1.4823302521708848
16.650000000000002,overflight,1.4496509129715993,0.0,1.85,0.48755567343142864,0.1449756759253773,1.1585533168025386,179.64576997642075,45.416618011004445,1.6535797410205153
16.7,overflight,1.466854783302498,0.0,1.85,0.4811315908367373,0.14519075048710417,1.1283815068852832,180.61608266748348,45.55103887566211,1.9477502104112898
16.75,overflight,1.4840586536333988,0.0,1.85,0.475133875729986,0.14748780046014054,1.1075095408499946,181.8888783389732,45.681142181537986,2.223646881667577
16.8,overflight,1.5012625239642987,0.0,1.85,0.4711815079081574,0.15177886890173564,1.0940808664862818,182.88874176624125,45.81123300260791,1.9537107324036564
16.85,overflight,1.5184663942951981,0.0,1.85,0.4687963439896311,0.1579965551447473,1.0866140128192916,183.92842089347363,45.947871427999914,1.972757292222625
16.900000000000002,overflight,1.535670264626099,0.0,1.85,0.465937294183205,0.16604225652548021,1.086329950320109,185.29967327195536,46.08718171318137,2.253595136936548
16.95,overflight,1.5528741349569977,0.0,1.85,0.46256991575900475,0.17589553135730362,1.0927294048296028,186.6367523397349,46.23281602713395,2.2039367540610177
17.0,overflight,1.5700780052878975,0.0,1.85,0.45822138626308256,0.1874981964276956,1.1013629683648396,187.70547352228536,46.380808876351516,1.8909379445435257
17.05,overflight,1.587281875618798,0.0,1.85,0.4533851136144163,0.2006855480975449,1.111771304770051,189.30667789587577,46.53016547055528,2.424309144689605
17.1,overflight,1.6044857459496977,0.0,1.85,0.4486521208556917,0.2152053370725211,1.1254815334433657,190.6816457269955,46.68455895719641,2.23705039946653
17.150000000000002,overflight,1.6216896162805976,0.0,1.85,0.44497147347900967,0.23074357067397755,1.1427231785794967,191.89549618234,46.84747085272437,2.0436921064067293
17.2,overflight,1.6388934866114968,0.0,1.85,0.44525259501787595,0.24671992384218755,1.161237094430394,192.7756249073206,47.022443395282366,1.722134286134731
17.25,overflight,1.6560973569423973,0.0,1.85,0.4488626101036982,0.26249816288958217,1.1770626360537058,193.65806442507971,47.206531576815706,1.7295412819112848
17.3,overflight,1.673301227273297,0.0,1.85,0.4555911759863641,0.27735458674732594,1.1893113938313,194.45365359542865,47.39905743843411,1.6927248912856154
17.35,overflight,1.6905050976041969,0.0,1.85,0.4632924250224139,0.29052812707419995,1.186611287509824,195.17822521051997,47.59121916950906,1.6112298943852856
17.400000000000002,overflight,1.7077089679350974,0.0,1.85,0.4717337302318816,0.3014167364183715,1.1680335372333843,195.890837134656,47.783438734635816,1.6191893238042823
17.45,overflight,1.7249128382659964,0.0,1.85,0.48051657849434876,0.30956987893938837,1.152202783065884,196.59172612676736,47.97476879647874,1.617418424446943
17.5,overflight,1.742116708596896,0.0,1.85,0.48914079392495147,0.3146403412234864,1.140064704636455,197.49852725355188,48.16361517761823,1.7811236459137056
17.55,overflight,1.7593205789277966,0.0,1.85,0.4978533974956775,0.31656942159644275,1.1318012639852257,198.36349178576822,48.352178496028245,1.749508691130891
17.6,overflight,1.7765244492586965,0.0,1.85,0.5064118246244618,0.3156510534230341,1.1236664821573816,199.37944823448018,48.54467970119971,1.8971413208635748
17.650000000000002,overflight,1.793728319589596,0.0,1.85,0.5152759697458436,0.312153603806846,1.1195768399298094,200.2796202590098,48.73776488136829,1.7870213758490028
17.7,overflight,1.8100427133638317,0.0,1.85,0.5263566378640276,0.2887834076471829,1.1185838513602342,201.34416127487506,48.93308752172352,2.0338737554384068
17.75,overflight,1.8258468239526766,0.0,1.85,0.5382708937073578,0.26366724276199427,1.118596658493255,202.67021981085497,49.124278885710964,2.2246277063865536
17.8,overflight,1.841650934541521,0.0,1.85,0.5493300079077497,0.23911213085594762,1.1193438314451707,203.7697040694095,49.30748847253918,1.9212887804995469
17.85,overflight,1.8574550451303655,0.0,1.85,0.5593000835292832,0.22035456862711822,1.1198761164623359,204.79865290831967,49.47938411980847,1.8518342334696645
17.900000000000002,overflight,1.8732591557192106,0.0,1.85,0.5680767554711164,0.2072918216864057,1.1203958777841663,205.58752203967498,49.643352855511175,1.5812815033410665
17.95,overflight,1.8890632663080542,0.0,1.85,0.575666801539195,0.19988034556687628,1.1209957505606856,206.21203618706187,49.803390058864835,1.3185607981155962
18.0,overflight,1.9048673768968984,0.0,1.85,0.5820659008664005,0.19769631520137165,1.1228130679214043,206.6959507001411,49.96216573391652,1.1274389608229136
18.05,overflight,1.9206714874857438,0.0,1.85,0.5881128248567821,0.2002748791277158,1.1269913761615187,207.39016917346916,50.12034487803618,1.458842213935611
18.1,overflight,1.9364755980745882,0.0,1.85,0.5929768272149539,0.20713863729633242,1.138435629574903,208.37699611448423,50.27690176934665,1.7646725909236962
18.150000000000002,overflight,1.9522797086634323,0.0,1.85,0.5968428288683955,0.21779723878659396,1.1570749729419327,209.2738972741241,50.433615654612915,1.6708203970148106
18.2,overflight,1.9680838192522763,0.0,1.85,0.5997678713883489,0.23176173057926064,1.1818351290059046,210.09206034228453,50.589908212613,1.598992914597413
18.25,overflight,1.9838879298411212,0.0,1.85,0.6019575999503503,0.24814344898275298,1.178209717202479,210.68688551501583,50.73767624938764,1.450167531250894
18.3,overflight,1.9996920404299656,0.0,1.85,0.6034236069094214,0.26578669723490345,1.1692039727262016,211.24178118227422,50.87619564669804,1.4054992904044317
18.35,overflight,2.0154961510188105,0.0,1.85,0.6034972397126228,0.29019477434893515,1.157290974263251,212.29762606306883,51.00284109889621,1.9269090318421793
18.400000000000002,overflight,2.0313002616076545,0.0,1.85,0.6024389706378408,0.3193535140187289,1.1444499740025782,213.26147745502743,51.11833474601418,1.845019988330678
18.45,overflight,2.0471043721964985,0.0,1.85,0.6006568570191557,0.3511136547750062,1.1325962001739098,214.27410979951995,51.22408782706805,1.8973297879342113
18.5,overflight,2.062908482785343,0.0,1.85,0.5984645637025634,0.38401442647288275,1.1225407240766394,215.3513613820712,51.32346940345772,1.9559506825121926
18.55,overflight,2.078712593374188,0.0,1.85,0.5962485453784974,0.37960372160996414,1.1180317333675442,216.53395623012057,51.41395964306223,2.0214071417042745
18.6,overflight,2.0945167039630324,0.0,1.85,0.5948299135382062,0.35652936694451554,1.1191287466695112,217.67896590244177,51.49768532577377,1.9810067545914607
18.650000000000002,overflight,2.1103208145518764,0.0,1.85,0.5942654794585656,0.3340489009791656,1.1261753777688042,218.75261679051712,51.58270358744885,1.9078833328744331
18.7,overflight,2.1261249251407204,0.0,1.85,0.5946497333349813,0.311103189910093,1.1390509310515033,219.59580756610936,51.67728013698668,1.6966591128579211
18.75,overflight,2.1419290357295653,0.0,1.85,0.5960278791682814,0.2867602957373498,1.155738350050921,220.1750716184868,51.78242371998028,1.4161472127215906
18.8,overflight,2.1577331463184097,0.0,1.85,0.5978835109569131,0.25731205835003323,1.1694961581211794,220.7225913410066,51.895823225222244,1.2796411618621522
18.85,overflight,2.173537256907255,0.0,1.85,0.5990037777911333,0.22277796872623515,1.1486965845996377,221.42603423431203,52.00904113668261,1.4371103996779564
18.900000000000002,overflight,2.189341367496099,0.0,1.85,0.5996369612235619,0.18348097899763385,1.1308316849201814,222.34715875244598,52.120371714096194,1.7571860482927009
18.95,overflight,2.205145478084943,0.0,1.85,0.6000815971438721,0.1400397150761325,1.1222621877809011,223.243876624489,52.23205505443113,1.7441861803185528
19.0,overflight,2.220949588673787,0.0,1.85,0.5908167615840079,0.32366732997106995,1.0181430591183065,224.04151072736676,52.34812282691176,1.6470076647666214
19.05,overflight,2.2367536992626316,0.0,1.85,0.5930421195895967,0.3061556561184346,1.0263621433210257,225.32052627398548,52.460601272207796,2.1922389010880066
19.1,overflight,2.252557809851477,0.0,1.85,0.5974698518539712,0.2902761673838991,1.017117233997541,226.51721611884435,52.57479149093411,2.1160454805865516
19.150000000000002,overflight,2.268361920440322,0.0,1.85,0.6040833686609857,0.27251392754407466,1.0180934641484385,227.5775329099962,52.69575880479636,1.961294700297183
19.200000000000003,overflight,2.2841660310291654,0.0,1.85,0.6125794997429145,0.24932115076682781,1.0299923496569452,228.4784242861723,52.82507844891228,1.702291702892726
19.25,overflight,2.299970141618009,0.0,1.85,0.6228709394027268,0.22061584558017144,1.0531369302350388,229.2506535388904,52.96069715389784,1.5205049879643249
19.3,overflight,2.315774252206854,0.0,1.85,0.6330797905508174,0.18755874656056393,1.0882193877096031,229.95659844184604,53.091344282657076,1.5443209460395468
19.35,overflight,2.331578362795699,0.0,1.85,0.6427124266590274,0.1520224268640109,1.133826715060069,230.71736401788098,53.215837018768795,1.650147181905154
19.400000000000002,overflight,2.347382473384544,0.0,1.85,0.6512583339457868,0.1171393505877798,1.1805084872482043,231.8110640153141,53.341165422855546,2.0057237207358307
19.450000000000003,overflight,2.3631865839733877,0.0,1.85,0.655362999713508,0.31000000000000005,1.0780228275207902,233.07256288192585,53.46998834606978,2.1606519238472908
19.5,overflight,2.3789906945622317,0.0,1.85,0.6594480780391198,0.30417835578040187,1.0985985119040493,234.18894306296124,53.59723300700794,2.021036606463009
19.55,overflight,2.3947948051510766,0.0,1.85,0.662033046358014,0.29538518799540014,1.1282197960597324,235.10422633401635,53.731017648183936,1.8100374101934391
19.6,overflight,2.4105989157399215,0.0,1.85,0.6632439380992718,0.2842625700845658,1.1662963864476903,235.964360764961,53.871526490220134,1.7301794164667608
19.650000000000002,overflight,2.4264030263287655,0.0,1.85,0.6623592849521067,0.27187170966112273,1.2088553774693875,236.8647918180516,54.01177514383585,1.7485997980402224
19.700000000000003,overflight,2.4422071369176104,0.0,1.85,0.6592723700887102,0.2591676224350725,1.2134823026218802,237.86024038162898,54.14860285251079,1.7878738615768917
19.75,overflight,2.458011247506454,0.0,1.85,0.6542852117129098,0.2466048703615482,1.1944801521187411,238.85222604007382,54.281853965042274,1.753871775338795
19.8,overflight,2.473815358095299,0.0,1.85,0.6480058660697747,0.2336191868420927,1.1652693939686307,239.70164510828744,54.41296407226276,1.6074943098545966
19.85,overflight,2.4896194686841424,0.0,1.85,0.6417560956444242,0.21930353975419803,1.1375711026007311,240.65349062569095,54.53702353825432,1.77691193591031
19.900000000000002,overflight,2.505423579272988,0.0,1.85,0.6348542058213085,0.2027879609991332,1.117823060456183,241.93766297503964,54.649324909876285,2.089632413908391
19.950000000000003,overflight,2.5212276898618327,0.0,1.85,0.6271520582792294,0.1842869444054358,1.106439099440289,243.1039332463156,54.75188428498892,1.9699553379821477
20.0,overflight,2.5370318004506767,0.0,1.85,0.6184253488830127,0.16404171651502586,1.1033404650958964,244.03959429762608,54.85295034815218,1.7401830504133766
20.05,overflight,2.5528359110395202,0.0,1.85,0.609762923709604,0.1423207539265119,1.1082052883540263,244.99243225688537,54.95590180517631,1.7874376964906422
20.1,overflight,2.568640021628365,0.0,1.85,0.6012192073852051,0.11940795556260908,1.1204899135787316,245.8528564117702,55.0635721329113,1.7140483822799724
20.150000000000002,overflight,2.58444413221721,0.0,1.85,0.5896439726683033,0.31000000000000005,1.0406193101455012,246.63377324473535,55.1780918271544,1.6582245228610037
20.200000000000003,overflight,2.6003298571531666,0.0,1.85,0.5799247943486519,0.3066039663554805,1.0565590363918242,247.46205442926387,55.28441015123504,1.7241245888603245
20.25,overflight,2.621329857153164,0.0,1.85,0.5665203392395857,0.3000982301015078,1.0796404890774687,248.09059279624978,55.40350080378272,1.500740120617147
20.3,overflight,2.6423298571531646,0.0,1.85,0.5542762031757278,0.29074735531586593,1.10777893046071,248.97336325903177,55.529091209956455,1.7067747363602923
20.35,overflight,2.6633298571531654,0.0,1.85,0.5436153100646199,0.2782393900402198,1.077435701200545,249.92143566607905,55.65766584660929,1.814787629677387
20.400000000000002,overflight,2.684329857153166,0.0,1.85,0.5348207135057786,0.26202586072497613,1.0363185338714793,250.83443737229257,55.78934900833364,1.728886790578794
20.450000000000003,overflight,2.7053298571531648,0.0,1.85,0.5275285576797037,0.2424048235757399,1.0044062836413536,251.87810296454776,55.9216646527068,1.7936852292178016
20.5,overflight,2.7263298571531642,0.0,1.85,0.5219038133400249,0.21995476675170633,0.9822668908989779,252.99654044880893,56.05864101298118,1.8715265573607192
20.55,overflight,2.747329857153165,0.0,1.85,0.5175109253663893,0.19497695356025901,0.9705743833069439,254.21731826161923,56.20120973078869,1.9828733828554086
20.6,overflight,2.768329857153166,0.0,1.85,0.51492635460084,0.16771635068205804,0.9687781019114157,255.49022345019858,56.34767662774981,2.0564458166236177
20.650000000000002,overflight,2.789329857153165,0.0,1.85,0.5141494248223893,0.1389166199791707,0.9763394591911235,256.7143460719604,56.49974599451844,1.985654625755085
20.700000000000003,overflight,2.8103298571531656,0.0,1.85,0.5146986847203829,0.10929261282209968,0.9938029470999579,257.9181763029477,56.65603238896607,1.9499021513865018
20.75,overflight,2.831329857153164,0.0,1.85,0.5110686037230223,0.31000000000000005,1.0234932743649239,259.3254486181695,56.818239000194794,2.111186863775603
20.8,overflight,2.852329857153165,0.0,1.85,0.5108025382294425,0.30337511380593263,1.0411090415084718,260.9145454482,56.954778087471546,2.3471829135488584
20.85,overflight,2.8733298571531645,0.0,1.85,0.5110950270793807,0.2900680542754357,1.0425196716223488,262.46667123113264,57.10077746537206,2.2881606689613543
20.900000000000002,overflight,2.8943298571531653,0.0,1.85,0.5126537848483176,0.26999751411993245,1.0530444410127415,263.7474651627263,57.25941313773433,2.0158952888329895
20.950000000000003,overflight,2.915329857153166,0.0,1.85,0.5157185516590088,0.2430647344391934,1.073040569067806,264.73793528587663,57.42804458119152,1.7121390377665882
21.0,overflight,2.936329857153165,0.0,1.85,0.5203870508148848,0.20916403877202816,1.1029392636000457,265.7308541769662,57.603524859283894,1.8150203339682682
21.05,overflight,2.957329857153164,0.0,1.85,0.5268219779341695,0.16945234586449498,1.142593417048351,266.6678899722334,57.7837655806459,1.885920691137168
21.1,overflight,2.978329857153165,0.0,1.85,0.534590423387978,0.12755887307743263,1.1529854663859418,267.7135624721721,57.96222418528849,1.93138738352114
21.150000000000002,overflight,2.9993298571531657,0.0,1.85,0.5375382097738379,0.31000000000000005,1.1075511074817435,268.71400307972937,58.13438359561408,1.8718108998997587
21.200000000000003,overflight,3.0203298571531665,0.0,1.85,0.5433386831327962,0.30276729008356495,1.139066848790042,270.57756563722995,58.27973862537214,2.706333534543629
21.25,overflight,3.0413298571531637,0.0,1.85,0.5494084562476076,0.288432769129795,1.152881930197984,272.3792287681388,58.43308991442798,2.650093882453087
21.3,overflight,3.0623298571531645,0.0,1.85,0.5551290354546519,0.2701873987259371,1.1640242608641527,273.58196675543576,58.5913791603344,2.0640344985586907
21.35,overflight,3.0833298571531653,0.0,1.85,0.5598984996829002,0.2508701774444835,1.1765418634882465,274.60188217176506,58.752070117825824,1.872358584249178
21.400000000000002,overflight,3.104329857153166,0.0,1.85,0.5632708833628709,0.23227137794602104,1.1879865155321438,275.60790548191653,58.914942624449985,1.8600348265853826
21.450000000000003,overflight,3.1253298571531647,0.0,1.85,0.5655294672308457,0.21530850937263302,1.1966134286224104,276.6546196523744,59.076678411537294,1.851636595835608
21.5,overflight,3.146329857153164,0.0,1.85,0.5667057364200013,0.20016100112510515,1.201523218124887,277.5804570927722,59.24168449156026,1.760493971356151
21.55,column,3.167329857153165,0.0,1.2,0.9533886969345264,0.18289313504978,1.20305703821155,278.9800305736586,59.41443369846243,2.285322082741496
21.6,column,3.1883298571531657,0.0,1.2,0.9419419307272145,0.16385104094426195,1.201554409390439,280.2893821529359,59.596212505025846,2.182441647384848
21.650000000000002,column,3.2093298571531648,0.0,1.2,0.927877666472558,0.14338313706688277,1.200216097216094,281.52279929875766,59.78456258718117,2.0871463543760553
21.700000000000003,column,3.2303298571531656,0.0,1.2,0.9107681624143227,0.12183553536381297,1.198748261353818,282.72973221404266,59.97479428235806,2.044204819433236
21.75,column,3.251329857153164,0.0,1.2,0.9242573274399188,0.31000000000000005,1.1969415630202314,283.84450332660083,60.16724771347304,1.9369376185306972
21.8,column,3.272329857153165,0.0,1.2,0.9039136871003326,0.30442116331050606,1.1738394704813628,285.30051482333556,60.34924837769057,2.325534496683125
21.85,column,3.2933298571531644,0.0,1.2,0.8804488185346205,0.29328263317501,1.1280940706406628,286.8401562668208,60.52714420360764,2.394512663774613
21.900000000000002,column,3.314329857153165,0.0,1.2,0.854271272605498,0.2766759758101498,1.0939500091284942,288.32995471403063,60.70094745084094,2.327237578410606
21.950000000000003,column,3.335329857153166,0.0,1.2,0.8257698831544882,0.25474699382048804,1.0717598862228745,289.65415219980537,60.877397305854075,2.170719794040685
22.0,column,3.356329857153165,0.0,1.2,0.7960551099791137,0.22764705248251937,1.0605359562293712,290.67603372699483,61.06299626473567,1.9071556655991926
22.05,column,3.377329857153164,0.0,1.2,0.7656440890070418,0.1954946870681662,1.0597688815258826,291.5637660366638,61.25830613406083,1.7613004995620787
22.1,column,3.398329857153165,0.0,1.2,0.7350347482604567,0.15838641506634543,1.0688854469707723,292.3934218881355,61.463062849108404,1.6745144682101718
22.150000000000002,column,3.4193298571531647,0.0,1.2,0.7047052370771751,0.11666684670874905,1.0872776914558264,293.16671819463477,61.676580687877816,1.5915769600761518
22.200000000000003,column,3.4403298571531655,0.0,1.2,0.7165704107895484,0.31000000000000005,1.037850660661733,293.8222194221891,61.897215234270774,1.4618874972309868
22.25,column,3.4613298571531628,0.0,1.2,0.6955261678704716,0.3038684910480407,1.0251050812580151,294.53935434910744,62.089208933331506,1.4585298122169839
22.3,column,3.482329857153164,0.0,1.2,0.6753283442018331,0.2918028128128758,1.0190009425386621,295.17913710039755,62.28724697799809,1.302629632412026
22.35,column,3.503329857153165,0.0,1.2,0.6558752903242085,0.27413234318474444,1.02050505144045,295.7670721892814,62.48868574453646,1.2694804905359178
22.400000000000002,column,3.5243298571531656,0.0,1.2,0.6370907742835696,0.25157298556691887,1.0301494369042283,296.4176597750132,62.69155665490297,1.3851448805603368
22.450000000000003,column,3.545329857153164,0.0,1.2,0.6189443418955788,0.22479281966648879,1.0481501351254896,297.13113784843705,62.89507723182179,1.4620142901583555
22.5,column,3.566329857153163,0.0,1.2,0.6013596754157671,0.19443027754862374,1.0697863013766928,298.18997660323936,63.09720271235237,1.8338467134618663
22.55,column,3.587329857153164,0.0,1.2,0.5846594623469368,0.16227369979605233,1.092826394464123,299.1412466625762,63.29773239243406,1.7869339305662355
22.6,column,3.608329857153165,0.0,1.2,0.5693713644416042,0.12992198915421604,1.1157893853995848,300.2668658792055,63.495533631670455,1.95655316664487
22.650000000000002,column,3.629329857153164,0.0,1.2,0.5943291520968639,0.31000000000000005,1.105399759720839,301.4202548220802,63.693372045886534,2.0001723756138943
22.700000000000003,column,3.6503298571531646,0.0,1.2,0.5858595019715286,0.30635848523884035,1.1259438163404252,302.4088695281362,63.8848198574659,1.877900491592174
22.75,column,3.6713298571531636,0.0,1.2,0.5785053433626258,0.292591113257052,1.1464293365615552,303.50073171490857,64.08202581139972,1.9742985695320894
22.8,column,3.6923298571531644,0.0,1.2,0.5713835296151741,0.25622069249764623,1.1619764253284082,304.86111778020916,64.27511056432428,2.243959162244463
22.85,column,3.7133298571531634,0.0,1.2,0.5651201246816546,0.2226082555251392,1.1535419746977116,306.3767103846984,64.46027609071092,2.3569411066510986
22.900000000000002,column,3.7343298571531642,0.0,1.2,0.5602267140482605,0.1932475462892318,1.1482958319941143,307.87677752704525,64.63823445254691,2.329363648936353
22.950000000000003,column,3.755329857153165,0.0,1.2,0.5569889781906256,0.1680483760741407,1.154869051559451,309.2308406466598,64.81273505581376,2.2039607696162795
23.0,column,3.776329857153164,0.0,1.2,0.5556880361443886,0.14666294088323473,1.1711950420542856,310.36717299929046,64.9870407098546,2.014451022999494
23.05,column,3.7973298571531635,0.0,1.2,0.5565055875964828,0.1283064840244541,1.1706920834924253,311.2808613131407,65.16287865267336,1.7974452467816147
23.1,column,3.8183298571531643,0.0,1.2,0.5590554293512753,0.11013005856216473,1.1657137608863408,311.7288327229546,65.34083333578408,1.2537666978178392
23.150000000000002,column,3.839329857153165,0.0,1.2,0.5987551582202566,0.23477907363270667,1.1636606956813647,312.1902137434771,65.52134722564102,1.2903275862610548
23.200000000000003,column,3.860329857153166,0.0,1.2,0.6066766758505636,0.21897623396588672,1.1647176924926819,313.44009878597365,65.69637521692788,2.0653975138978895
23.25,column,3.881329857153163,0.0,1.2,0.615784064575769,0.20695914156302608,1.1647211902246446,314.6524017857355,65.8728329004353,1.9990390463939893
23.3,column,3.902329857153164,0.0,1.2,0.6259098230050932,0.19899405007849702,1.1648571277876134,315.7323935105179,66.05385070559518,1.8353861457230298
23.35,column,3.9233298571531647,0.0,1.2,0.6341186665436054,0.19878836292116264,1.1725183657087115,317.063948118777,66.22728490329422,2.161519383422527
23.400000000000002,column,3.9443298571531655,0.0,1.2,0.6392610657813816,0.20576233973724023,1.1864434234945822,318.24637788840363,66.39127185715292,2.0325425942326434
23.450000000000003,column,3.965329857153164,0.0,1.2,0.6412148781961401,0.21923090866788442,1.2046099411787285,319.2416976475528,66.54769585370452,1.8879251956231886
23.5,column,3.986329857153163,0.0,1.2,0.63990903740975,0.21302528008383748,1.2247660384240635,320.0920831760636,66.6971142194997,1.7726795337747596
23.55,column,4.007329857153164,0.0,1.2,0.6354024580021841,0.18922895976163945,1.2051817319138882,320.818374492837,66.83861976971325,1.6573408118114834
23.6,column,4.028329857153165,0.0,1.2,0.6278409635259476,0.16481477412602774,1.1734217813708916,321.51240870179714,66.97112817942556,1.6345939857689231
23.650000000000002,column,4.049329857153165,0.0,1.2,0.6174649925820217,0.14056727558363358,1.1483045636483133,322.28783957269223,67.09441023556899,1.752154853313924
23.700000000000003,column,4.0703298571531645,0.0,1.2,0.6045696740129185,0.11710190134506093,1.1335649234967184,323.23888190456285,67.21003381741735,1.9276141507789781
23.75,column,4.0913298571531636,0.0,1.2,0.6260149150758052,0.31000000000000005,1.181661745918734,324.1613867951056,67.3234506757226,1.8873655518335197
23.8,column,4.112329857153164,0.0,1.2,0.6136555914834827,0.30707322847449947,1.1805052279738906,324.72858219191863,67.42891127692847,1.4966432397392855
23.85,column,4.133329857153163,0.0,1.2,0.5997426659197751,0.3013912285377749,1.1807609538801922,325.22027458470785,67.537879724978,1.3904231015943553
23.900000000000002,column,4.154329857153164,0.0,1.2,0.584629189409479,0.2931110889472721,1.1824474164590475,325.6364323726226,67.65163135089394,1.272351614705648
23.950000000000003,column,4.175329857153165,0.0,1.2,0.5693628217847815,0.2823798046708219,1.1889638988759292,326.0816588876422,67.7654875606173,1.2735677752055776
24.0,column,4.196329857153164,0.0,1.2,0.5542605107459446,0.2692770435813254,1.1992381423214886,326.3930990838461,67.88010993086206,1.036005536780402
24.05,column,4.217329857153164,0.0,1.2,0.540123541649753,0.25387065040223566,1.1927926525999717,326.91885172108414,67.99469106804051,1.1907024079076745
24.1,column,4.238329857153165,0.0,1.2,0.5272889241273875,0.2362510712642658,1.1705941948973015,327.4079044243679,68.10927673347273,1.1691520753023152
24.150000000000002,column,4.2593298571531655,0.0,1.2,0.5160919822086345,0.21656330354079278,1.1542060897803448,327.9377528346743,68.22446636479705,1.2781829425104587
24.200000000000003,column,4.280329857153166,0.0,1.2,0.5066921347166331,0.19501710186944377,1.1458167685936334,328.77544800495104,68.34812681465026,1.6446692604737005
24.25,column,4.301329857153164,0.0,1.2,0.4992982570622222,0.1719125238537378,1.146127419910022,329.60479990971015,68.48192988002057,1.634112811125642
24.3,column,4.322329857153163,0.0,1.2,0.49399733017232245,0.1477352073449063,1.1541795996725122,330.27182754057316,68.62642298231967,1.4471841141273127
24.35,column,4.343329857153164,0.0,1.2,0.4907543050182208,0.12301228093136496,1.1678274578031078,330.7602218657076,68.7812692100687,1.2366767481964946
24.400000000000002,column,4.364329857153165,0.0,1.2,0.5218724846318303,0.17496417871235734,1.1845294388158911,331.3709857833737,68.94035789047976,1.3524011746364795
24.450000000000003,column,4.385329857153164,0.0,1.2,0.5231593400826646,0.13630103224789344,1.2013834393720444,331.87792096185655,69.09232002407114,1.1698369612191755
24.5,column,4.406329857153162,0.0,1.2,0.5790730406337461,0.29800627181295725,1.1925912928552997,332.3048022736658,69.2452828087983,1.1617542648680632
24.55,column,4.427329857153163,0.0,1.2,0.5786043255183138,0.2865729246581066,1.1675405775174457,332.72431495941936,69.39886147841167,1.1803515939399687
24.6,column,4.448329857153164,0.0,1.2,0.5770588880475473,0.2718341518395495,1.1455685467098202,333.1458591682704,69.55281886107447,1.2139128531206986
24.650000000000002,column,4.469329857153164,0.0,1.2,0.5744953928947536,0.25409652191341925,1.1298561527673106,333.674577165453,69.70724169032358,1.3629778255909373
24.700000000000003,column,4.4903298571531645,0.0,1.2,0.5708115829836149,0.23374095840626397,1.1212035683028845,334.2473711774298,69.8614975889008,1.4408346954267544
24.75,column,4.5113298571531635,0.0,1.2,0.5659528854299917,0.21119124228847452,1.11942848055725,334.8282888695786,70.01585142485739,1.4549857856188166
24.8,column,4.532329857153164,0.0,1.2,0.5588319606551979,0.18692876607251852,1.1235452677068676,335.80050875517503,70.1647912364576,1.8779466703582295
24.85,column,4.553329857153162,0.0,1.2,0.5494244703894079,0.1614663275106638,1.1366306748036425,336.9247104895656,70.30668556445143,1.9932317162004936
24.900000000000002,column,4.574329857153163,0.0,1.2,0.5381886853520705,0.13567511321739167,1.157598686211973,337.8250432426232,70.44444106286271,1.7589710954185278
24.950000000000003,column,4.595329857153164,0.0,1.2,0.5257466109716299,0.11813508722205987,1.1608448125727882,338.48899345789084,70.58079776320217,1.5172810752873729
25.0,column,4.616329857153163,0.0,1.2,0.5456210028579604,0.13915716319573757,1.210536385446893,339.09261491626194,70.71748662719972,1.4322697562789726
25.05,column,4.637329857153164,0.0,1.2,0.5361443272324926,0.11315890246860483,1.2159423390388018,339.5574673173749,70.84269841005515,1.2711470993244898
25.1,column,4.658329857153163,0.0,1.2,0.5663191968627116,0.31000000000000005,1.22391610983869,340.0375401792671,70.96493825956291,1.277610216082825
25.150000000000002,column,4.679329857153164,0.0,1.2,0.5604868303928857,0.3055843924948538,1.2336750485938812,340.6299798763531,71.06432567996195,1.4398670040111683
25.200000000000003,column,4.700329857153164,0.0,1.2,0.5523665396008366,0.2970658256085772,1.235939824276865,341.1738949783576,71.165600428198,1.3750812740711198
25.25,normal,4.7213298571531634,0.0,1.2,0.6138728224888718,0.28613506061241023,1.2397977262041955,342.00920280164894,71.27342593306514,1.6465540328777148
25.3,normal,4.7423298571531625,0.0,1.2,0.6137812745060083,0.2728957740034059,1.2486137126929386,342.7597582197901,71.38978771272733,1.546986342812413
25.35,normal,4.763329857153163,0.0,1.2,0.6110165416481351,0.257464695175331,1.2610419880748394,343.415500564057,71.51472058727062,1.3969999273655613
25.400000000000002,normal,4.784329857153164,0.0,1.2,0.6057616483858327,0.23997362711999215,1.2758173517594988,344.01667898193966,71.64805328302356,1.2837669475620328
25.450000000000003,normal,4.805329857153163,0.0,1.2,0.5982068578546185,0.22057207273212365,1.2786873932637792,344.58404595302005,71.78949153286096,1.1985402120857231
25.5,normal,4.826329857153162,0.0,1.2,0.5884938030069152,0.1994306960442993,1.2593067081797071,345.1337901986406,71.93875970294934,1.1533695039569962
25.55,normal,4.847329857153163,0.0,1.2,0.5770233524653234,0.17745897880889494,1.240142307090312,345.6755853086689,72.0943654391898,1.1394999583308398
25.6,normal,4.868329857153164,0.0,1.2,0.5649783341486762,0.15698571652124405,1.2221865066157305,346.2210907216741,72.25098987840158,1.1509175572763222
25.650000000000002,normal,4.889329857153163,0.0,1.2,0.5524150611006545,0.1379002600742525,1.2064092085548428,346.76834555953025,72.40905044934385,1.175972151410247
25.700000000000003,normal,4.9103298571531635,0.0,1.2,0.539377123171102,0.12004046962912795,1.1936395058780707,347.2778028724928,72.5691084692581,1.178345367519168
25.75,normal,4.9313298571531625,0.0,1.2,0.5259045566087315,0.10328841874212658,1.1844320357125637,347.76222410349953,72.73182377229075,1.182842122439998
25.8,normal,4.952329857153163,0.0,1.2,0.5284338420203751,0.31000000000000005,1.1789093973334135,348.2221517176122,72.89808056127521,1.1755633430671435
25.85,normal,4.973329857153162,0.0,1.2,0.514046887865824,0.30611311604658464,1.1724846906368949,349.2103058564941,73.07201898626681,1.6999847133489758
25.900000000000002,normal,4.994329857153163,0.0,1.2,0.4985590679972508,0.2990495843313503,1.1654319706353184,350.12760271834696,73.25431415339284,1.667016801510227
25.950000000000003,normal,5.015329857153164,0.0,1.2,0.48225994550750356,0.28937971061899637,1.158323021344739,350.97961278008086,73.445358815088,1.6461482800175609
26.0,normal,5.036329857153163,0.0,1.2,0.46553176975064864,0.2775995563336904,1.151943450064725,351.79128122353336,73.64540201402038,1.6422021443180905
26.05,normal,5.057329857153164,0.0,1.2,0.4489234404442527,0.2641517877882278,1.147353303375221,352.5721603977705,73.85442857040704,1.6382382305943117
26.1,normal,5.078329857153163,0.0,1.2,0.43337955067007145,0.24941009057896357,1.1472786935154955,353.3285735578824,74.07044577547771,1.627563110587511
26.150000000000002,normal,5.099329857153164,0.0,1.2,0.41954023334375845,0.2336897862120919,1.151112597861821,354.0357629804264,74.29257239937108,1.5792636540797127
26.200000000000003,normal,5.120329857153164,0.0,1.2,0.4077602118442705,0.21725751732097076,1.156737655496967,354.65640232835847,74.51795696441322,1.4765080645875337
26.25,normal,5.141329857153164,0.0,1.2,0.39830313574158477,0.20033962782912318,1.1644154091169268,355.1749737375281,74.74573587966593,1.3347205130094029
26.3,normal,5.162329857153162,0.0,1.2,0.39154619803453705,0.1831291912726727,1.1742744806746381,355.59818046008155,74.97477595041022,1.1620729286627922
26.35,normal,5.183329857153163,0.0,1.2,0.3878331605428079,0.16579179286796553,1.1862559190358193,355.9569969872565,75.20389759338559,0.9886341968881208
26.400000000000002,normal,5.204329857153164,0.0,1.2,0.38706218719375357,0.14847022855883352,1.2001031817859389,356.29147185225236,75.43203830531591,0.9286382484258973
26.450000000000003,normal,5.225329857153163,0.0,1.2,0.3878572115184546,0.13128667876545586,1.2153870926723214,356.5798622668565,75.65466019932035,0.9475425899150375
26.5,normal,5.246329857153162,0.0,1.2,0.3891782601859952,0.11455275903478764,1.2301760369445793,356.8666470705647,75.87063661057066,1.0113461054340775
26.55,normal,5.267329857153163,0.0,1.2,0.4120383333938147,0.31504123390925043,1.2428755538006668,357.15771525566754,76.07948806836353,1.041310060727924
26.6,normal,5.288329857153164,0.0,1.2,0.41346203704419215,0.3241365998067327,1.2544263096869142,357.6614066131003,76.27962360381177,1.2949932021951374
