time,mode,center_x,center_y,center_z,formation_error,min_obstacle_clearance,min_agent_distance,energy,path_length,max_height,avg_force_norm,min_pair_distance
0.0,column,-5.4,0.0,1.2,0.794399688893766,1000000000.0,0.8037115436470766,1.8297747946611065,0.03192920950978327,1.2,2.5543367607826637,0.8037115436470766
0.05,column,-5.3790000000000004,0.0,1.2,0.7818599783314818,1000000000.0,0.8112512198552672,3.6443565364542945,0.09520640168923385,1.2,2.5080064508932245,0.8112512198552672
0.1,column,-5.3580000000000005,0.0,1.2,0.7639558679078702,1000000000.0,0.8227956765170197,5.447756112092668,0.18912676435165637,1.2,2.4521503644349516,0.8227956765170197
0.15000000000000002,column,-5.337,0.0,1.2,0.7409588975049529,1000000000.0,0.8385848960807839,7.249152591968789,0.313442188036091,1.2,2.4334243010532446,0.8385848960807839
0.2,column,-5.316000000000001,0.0,1.2,0.713677325544889,1000000000.0,0.8589238689801285,9.04987653977326,0.4680191255843129,1.2,2.4240657067956923,0.8589238689801285
0.25,column,-5.295,0.0,1.2,0.6844444537054457,1000000000.0,0.8854356419640214,10.850134660185141,0.652497242645268,1.2,2.414369980149732,0.8854356419640214
0.30000000000000004,column,-5.274,0.0,1.2,0.6550757549730493,1000000000.0,0.9190508287831572,12.45011898705313,0.8633293776514502,1.2,2.3091409957441003,0.9190508287831572
0.35000000000000003,column,-5.253,0.0,1.2,0.6258325660314613,1000000000.0,0.9591112047682178,13.941886879975119,1.080282851183023,1.2,2.381175444284099,0.9591112047682178
0.4,column,-5.232000000000001,0.0,1.2,0.5980485323150376,1000000000.0,1.0058985902703834,15.604284305585056,1.30447414014216,1.2,2.5406192537842243,1.0058985902703834
0.45,column,-5.211,0.0,1.2,0.572195770240738,1000000000.0,1.0584503001914571,17.424560312723365,1.535419543790743,1.2,2.6528080192151453,1.0584503001914571
0.5,column,-5.1899999999999995,0.0,1.2,0.548781605634336,1000000000.0,1.1163316960330867,18.817819502982367,1.7737047269526318,1.2,2.181793305263474,1.1163316960330867
0.55,column,-5.1690000000000005,0.0,1.2,0.5280388199229427,1000000000.0,1.1781609781033684,20.072895263743682,2.01926406846331,1.2,2.099394248631302,1.1781609781033684
0.6000000000000001,column,-5.148,0.0,1.2,0.510093085046631,1000000000.0,1.2129401611739776,21.566056370460316,2.2704969266035384,1.2,2.265481382862119,1.2129401611739776
0.65,column,-5.127000000000001,0.0,1.2,0.49411872949683344,1000000000.0,1.1936695376669664,23.22944277899554,2.524400520075703,1.2,2.5191343403100923,1.1936695376669664
0.7000000000000001,column,-5.106,0.0,1.2,0.4796482405743562,1000000000.0,1.1878720339936297,25.02629704262216,2.7751595538953917,1.2,2.637783125547195,1.1878720339936297
0.75,column,-5.085000000000001,0.0,1.2,0.46758570784451814,1000000000.0,1.1951101238257293,26.406380429536597,3.0203626770387735,1.2,2.227891109062699,1.1951101238257293
0.8,column,-5.064,0.0,1.2,0.4594821431050556,1000000000.0,1.214372074395485,27.746926513810138,3.26011517710404,1.2,2.174549235286894,1.214372074395485
0.8500000000000001,column,-5.043,0.0,1.2,0.4569004890743136,1000000000.0,1.24394858583386,29.275060226657835,3.4887942757673627,1.2,2.3981219358099706,1.24394858583386
0.9,column,-5.022,0.0,1.2,0.4578752842482217,1000000000.0,1.2858629613459784,30.75999657016235,3.7068285212129934,1.2,2.3481020993862396,1.2858629613459784
0.9500000000000001,column,-5.0009999999999994,0.0,1.2,0.4615210429229867,1000000000.0,1.2915410508979261,32.20138246932716,3.9148514667248886,1.2,2.297043519850191,1.2915410508979261
1.0,column,-4.98,0.0,1.2,0.46749522479076033,1000000000.0,1.292780355040145,33.60099028178722,4.113895946119962,1.2,2.2491107418579817,1.292780355040145
1.05,column,-4.9590000000000005,0.0,1.2,0.4750572131908246,1000000000.0,1.268199717283844,34.96345596727476,4.305292206471884,1.2,2.210782800208428,1.268199717283844
1.1,column,-4.938000000000001,0.0,1.2,0.48399929271531583,1000000000.0,1.2388649807214411,36.27069449992958,4.491463639260337,1.2,2.1590238878133756,1.2388649807214411
1.1500000000000001,column,-4.917,0.0,1.2,0.49433430590100497,1000000000.0,1.2056961289867738,37.04695820837423,4.675208179526522,1.2,1.4721969455061368,1.2056961289867738
1.2000000000000002,column,-4.896000000000001,0.0,1.2,0.5055949247056561,1000000000.0,1.170816358641337,37.76335713651652,4.858621479130882,1.2,1.3766308266678613,1.170816358641337
1.25,column,-4.875,0.0,1.2,0.5183667822475773,1000000000.0,1.1367706796133163,38.48720796786196,5.043809135691018,1.2,1.4245620629653317,1.1367706796133163
1.3,column,-4.854000000000001,0.0,1.2,0.5328802617093095,1000000000.0,1.106519514030252,39.31943991727308,5.232750524014734,1.2,1.6316416916177203,1.106519514030252
1.35,column,-4.833,0.0,1.2,0.5493331967286694,1000000000.0,1.0802509474295585,40.13481488110748,5.424725238680194,1.2,1.6279771193175374,1.0802509474295585
1.4000000000000001,column,-4.812000000000001,0.0,1.2,0.5672232780465817,1000000000.0,1.0580708428382675,41.36085690625373,5.6130277252736,1.2,2.08288445435597,1.0580708428382675
1.4500000000000002,column,-4.791,0.0,1.2,0.5847028382991626,1000000000.0,1.0399550831725997,42.56320689180083,5.797237031606999,1.2,2.04656415659191,1.0399550831725997
1.5,column,-4.77,0.0,1.2,0.6013696440492107,1000000000.0,1.026056834147184,43.742219076513905,5.977019594420682,1.2,2.0075311793747943,1.026056834147184
1.55,column,-4.7490000000000006,0.0,1.2,0.6168013930565956,1000000000.0,1.0163367223777342,44.89853879480493,6.152214644207259,1.2,1.9662181366024662,1.0163367223777342
1.6,column,-4.728000000000001,0.0,1.2,0.630783447942113,1000000000.0,1.010723092251913,46.03316012919417,6.323050805513649,1.2,1.9232822809104373,1.010723092251913
1.6500000000000001,column,-4.707000000000001,0.0,1.2,0.6431766972346291,1000000000.0,1.0091278910127461,47.14179649243478,6.490836057333661,1.2,1.8727490332893602,1.0091278910127461
1.7000000000000002,column,-4.686,0.0,1.2,0.653918420335754,1000000000.0,1.0114557444465315,48.225000420400534,6.659511476429669,1.2,1.828513610546181,1.0114557444465315
1.75,column,-4.665000000000001,0.0,1.2,0.6630068957294115,1000000000.0,1.0135950243484937,49.12437721349803,6.833728387120187,1.2,1.6752500388931608,1.0135950243484937
1.8,column,-4.644,0.0,1.2,0.6713105091235357,1000000000.0,1.015753085143395,49.98981194189944,7.015483487004577,1.2,1.634030438838711,1.015753085143395
1.85,column,-4.623,0.0,1.2,0.6785242538018118,1000000000.0,1.0180345787585838,50.828381447550036,7.205598120583113,1.2,1.5977628348597137,1.0180345787585838
1.9000000000000001,column,-4.602,0.0,1.2,0.6843938105465911,1000000000.0,1.0204718590080322,51.60190377816963,7.40429509396327,1.2,1.5342311230372088,1.0204718590080322
1.9500000000000002,column,-4.581,0.0,1.2,0.6887798591784072,1000000000.0,1.023054749946925,52.29438528708234,7.611360416609722,1.2,1.4595019604715476,1.023054749946925
2.0,column,-4.5600000000000005,0.0,1.2,0.691645359007567,1000000000.0,1.028273728399593,52.819290337762894,7.822674613817531,1.2,1.2734951599318838,1.028273728399593
2.0500000000000003,column,-4.539,0.0,1.2,0.6928197313582245,1000000000.0,1.0405954338929448,53.99585454951384,8.029720373525029,1.2,1.9390049338840734,1.0405954338929448
2.1,column,-4.518000000000001,0.0,1.2,0.6917643118552277,1000000000.0,1.0597586344081316,55.44841680780082,8.225953637871507,1.2,2.1477928626659453,1.0597586344081316
2.15,column,-4.497,0.0,1.2,0.6899285041768096,1000000000.0,1.085526707944156,56.892284447218316,8.413151347842467,1.2,2.1398047907395563,1.085526707944156
2.2,column,-4.476,0.0,1.2,0.6873235723834491,1000000000.0,1.1031361558122803,58.05182243305012,8.591562962099554,1.2,1.9072558050167703,1.1031361558122803
2.25,column,-4.455,0.0,1.2,0.6843080077836938,1000000000.0,1.1111792509373293,59.123718891320095,8.763396187079437,1.2,1.8344207743767318,1.1111792509373293
2.3000000000000003,column,-4.434000000000001,0.0,1.2,0.6809879605701982,1000000000.0,1.1283967073377155,60.15066277109464,8.9299485653771,1.2,1.8582414990489013,1.1283967073377155
2.35,column,-4.413,0.0,1.2,0.677219286379373,1000000000.0,1.1541460904235838,61.11370805460766,9.091443620714116,1.2,1.890642099125475,1.1541460904235838
2.4000000000000004,column,-4.392000000000001,0.0,1.2,0.672882183500169,1000000000.0,1.1848460643759136,62.48758677016833,9.239352128510221,1.2,2.1959588880417913,1.1848460643759136
2.45,column,-4.371,0.0,1.2,0.6683773956030191,1000000000.0,1.2167684508345085,63.85269735505745,9.373700835088815,1.2,2.165434715651148,1.2167684508345085
2.5,column,-4.35,0.0,1.2,0.6632566013644567,1000000000.0,1.2475617677850268,65.31075655276469,9.49341380213211,1.2,2.202195238583021,1.2475617677850268
2.5500000000000003,column,-4.329000000000001,0.0,1.2,0.6575828136823654,1000000000.0,1.2350993216409114,66.71481476956338,9.599785852333172,1.2,2.1298795297690902,1.2350993216409114
2.6,column,-4.308,0.0,1.2,0.6512596566424815,1000000000.0,1.203006684319187,67.9655836829626,9.695200729075896,1.2,1.9951767050698632,1.203006684319187
2.6500000000000004,column,-4.287000000000001,0.0,1.2,0.6444366655953426,1000000000.0,1.166843476964032,69.14219353322966,9.789730807354204,1.2,1.9985828244904122,1.166843476964032
2.7,column,-4.266,0.0,1.2,0.6375022069447251,1000000000.0,1.1314763637654923,70.42995513612121,9.887198406271517,1.2,2.2682756382079208,1.1314763637654923
2.75,column,-4.245000000000001,0.0,1.2,0.63195562508531,1000000000.0,1.105668669885323,71.72158053262712,9.970236548080434,1.2,2.2318232407118623,1.105668669885323
2.8000000000000003,column,-4.224,0.0,1.2,0.6271231758530018,1000000000.0,1.0892250799906136,73.11074892806404,10.038841126128588,1.2,2.2963215615340737,1.0892250799906136
2.85,column,-4.202999999999999,0.0,1.2,0.623713042563726,1000000000.0,1.0819661986195779,74.37926307488517,10.10805310069005,1.2,2.183175722784914,1.0819661986195779
2.9000000000000004,column,-4.182,0.0,1.2,0.6217574186432498,1000000000.0,1.0786821969119507,75.55340321529367,10.183932734241441,1.2,2.0917000232224394,1.0786821969119507
2.95,column,-4.1610000000000005,0.0,1.2,0.6207289631962238,1000000000.0,1.0790489593404762,76.30770739756427,10.269686110995993,1.2,1.7012520645316946,1.0790489593404762
3.0,column,-4.140000000000001,0.0,1.2,0.6198907701548064,1000000000.0,1.088764905444417,76.98789251348559,10.359100313658923,1.2,1.6013962625339555,1.088764905444417
3.0500000000000003,column,-4.119,0.0,1.2,0.6198179430028243,1000000000.0,1.1078152921089115,77.76283125097007,10.449365597085578,1.2,1.6000930268463531,1.1078152921089115
3.1,column,-4.098000000000001,0.0,1.2,0.6195532529371709,1000000000.0,1.1361355715343582,78.79534366846852,10.536553436167468,1.2,1.9004958273690384,1.1361355715343582
3.1500000000000004,column,-4.077,0.0,1.2,0.619329711029567,1000000000.0,1.1335661943339126,80.05497175010876,10.624536681700043,1.2,2.1940377945883123,1.1335661943339126
3.2,column,-4.056,0.0,1.2,0.6196087584223502,1000000000.0,1.1243387600060097,81.24438032751975,10.716836693939943,1.2,2.0590278141347467,1.1243387600060097
3.25,column,-4.035,0.0,1.2,0.6201640126974983,1000000000.0,1.129095693027377,82.80095149436691,10.805431029317322,1.2,2.4212528996506952,1.129095693027377
3.3000000000000003,column,-4.014000000000001,0.0,1.2,0.6202477816216555,1000000000.0,1.1419229632051746,83.58361791356894,10.89262133216158,1.2,1.6757501659591767,1.1419229632051746
3.35,column,-3.9930000000000003,0.0,1.2,0.6211238180898754,1000000000.0,1.1564148667343757,84.45213208254339,10.970854384200223,1.2,1.7290682363692966,1.1564148667343757
3.4000000000000004,column,-3.9719999999999995,0.0,1.2,0.6236089116984092,1000000000.0,1.1699996117331835,85.3414454194985,11.037409120205812,1.2,1.7407458985928226,1.1699996117331835
3.45,column,-3.9510000000000005,0.0,1.2,0.6292386818732422,1000000000.0,1.1801259765896959,86.25385691014789,11.095561643360812,1.2,1.711907216220272,1.1801259765896959
3.5,column,-3.930000000000001,0.0,1.2,0.6378555396501,1000000000.0,1.1857663353907355,87.12914609344018,11.15088643589252,1.2,1.643874031229926,1.1857663353907355
3.5500000000000003,column,-3.909,0.0,1.2,0.6484412195007486,1000000000.0,1.186441451385653,87.97503914839066,11.20818389500802,1.2,1.5935765158599715,1.186441451385653
3.6,column,-3.888,0.0,1.2,0.6598589051192165,1000000000.0,1.1821138867856842,89.1069419206865,11.268064265844806,1.2,1.9040731210137778,1.1821138867856842
3.6500000000000004,column,-3.8670000000000004,0.0,1.2,0.6705024871701879,1000000000.0,1.1841813001113912,89.89536032572856,11.326614040370298,1.2,1.6275343014935646,1.1841813001113912
3.7,column,-3.846,0.0,1.2,0.6801015116635029,1000000000.0,1.1918317902801585,90.57619543912051,11.393061865022105,1.2,1.5083285327752152,1.1918317902801585
3.75,column,-3.8250000000000006,0.0,1.2,0.68873605692299,1000000000.0,1.2036248011583388,91.13795522603876,11.468964668410202,1.2,1.345097856328472,1.2036248011583388
3.8000000000000003,column,-3.8040000000000003,0.0,1.2,0.6964360327168171,1000000000.0,1.2168867965149945,91.60036718047297,11.554273078299206,1.2,1.172976219020284,1.2168867965149945
3.85,column,-3.783000000000001,0.0,1.2,0.7031618478982053,1000000000.0,1.2093102058875331,91.92938389773724,11.647284446780153,1.2,0.9790296116343832,1.2093102058875331
3.9000000000000004,column,-3.7620000000000005,0.0,1.2,0.7089727495155465,1000000000.0,1.1875374728580377,92.16593027790744,11.74491409406443,1.2,0.8156246400208712,1.1875374728580377
3.95,column,-3.7409999999999997,0.0,1.2,0.7139238560330365,1000000000.0,1.1521126388648275,92.47847873576029,11.843630027855177,1.2,1.0290021476999949,1.1521126388648275
4.0,column,-3.7200000000000006,0.0,1.2,0.7180880369520356,1000000000.0,1.1261566977771207,93.08180169572918,11.941093922699276,1.2,1.3891367359778075,1.1261566977771207
4.05,column,-3.6990000000000003,0.0,1.2,0.7214346919477523,1000000000.0,1.105053626539472,93.4192931464626,12.032648637982511,1.2,1.0413183918903104,1.105053626539472
4.1000000000000005,column,-3.6779999999999995,0.0,1.2,0.7248464635506161,1000000000.0,1.0885781493396145,93.69916355500325,12.12059980604796,1.2,0.9697361510192783,1.0885781493396145
4.15,column,-3.657,0.0,1.2,0.7282461671645638,1000000000.0,1.0767851239594985,93.91155949311009,12.206788457201787,1.2,0.8421467778477154,1.0767851239594985
4.2,column,-3.6360000000000006,0.0,1.2,0.7316461289558726,1000000000.0,1.0697403576991316,94.06858472176427,12.292780658323368,1.2,0.7123278929838228,1.0697403576991316
4.25,column,-3.615,0.0,1.2,0.7350862868504107,1000000000.0,1.0674742057197921,94.19918540241976,12.379705982810993,1.2,0.641801917420931,1.0674742057197921
4.3,column,-3.5940000000000007,0.0,1.2,0.7386104073447729,1000000000.0,1.069919369988711,94.33941529312875,12.468308968225184,1.2,0.7102991887432557,1.069919369988711
4.3500000000000005,column,-3.5730000000000004,0.0,1.2,0.7422911969624981,1000000000.0,1.076847866783835,94.51976242250666,12.559091013216912,1.2,0.7733216717924964,1.076847866783835
4.4,column,-3.552,0.0,1.2,0.7462197167336063,1000000000.0,1.0878354981214784,94.7390980671347,12.652544608633114,1.2,0.7852667526062633,1.0878354981214784
4.45,column,-3.5310000000000006,0.0,1.2,0.750479786097506,1000000000.0,1.1023683008005833,94.95627650613838,12.749047970031302,1.2,0.7384238230049638,1.1023683008005833
4.5,column,-3.5100000000000002,0.0,1.2,0.7551647625673369,1000000000.0,1.1199514471635297,95.122341265083,12.84871008591356,1.2,0.6659294824339062,1.1199514471635297
4.55,column,-3.4890000000000008,0.0,1.2,0.7603778402869292,1000000000.0,1.1400203774114053,95.23086425119737,12.951732433784755,1.2,0.5798935930730212,1.1400203774114053
4.6000000000000005,column,-3.468,0.0,1.2,0.7661250492430747,1000000000.0,1.1586923205116204,95.3299630589297,13.05490367874761,1.2,0.5700814849124062,1.1586923205116204
4.65,column,-3.4470000000000005,0.0,1.2,0.7732181996060989,1000000000.0,1.1726201888176502,95.47772335835322,13.15773919598135,1.2,0.6706037728688188,1.1726201888176502
4.7,column,-3.426,0.0,1.2,0.7814575349201082,1000000000.0,1.1797438390127277,95.71537681809478,13.261097784123642,1.2,0.7743168690025166,1.1797438390127277
4.75,column,-3.405,0.0,1.2,0.7906662808008488,1000000000.0,1.1794442500397646,95.9927115966523,13.366682550209084,1.2,0.8093143554741292,1.1794442500397646
4.800000000000001,column,-3.3840000000000003,0.0,1.2,0.8006613641351127,1000000000.0,1.1723482355492847,96.23943960245421,13.475977428765146,1.2,0.7486369922756968,1.1723482355492847
4.8500000000000005,normal,-3.3629999999999995,0.0,1.2,1.4226303263343032,1000000000.0,1.16046581477658,97.26147441775835,13.599538101604983,1.2,1.8442662087936963,1.16046581477658
4.9,normal,-3.3420000000000005,0.0,1.2,1.426083006843417,1000000000.0,1.1449705654622204,98.2595873818791,13.740311429531037,1.2,1.802273958209242,1.1449705654622204
4.95,normal,-3.3209999999999997,0.0,1.2,1.426150176603554,1000000000.0,1.1275208091960414,99.25804245086006,13.899514383772924,1.2,1.7714062356484181,1.1275208091960414
5.0,normal,-3.3000000000000007,0.0,1.2,1.4227164061983621,1000000000.0,1.108176888374977,100.2170281617261,14.072878086711235,1.2,1.6975591279042874,1.108176888374977
5.050000000000001,normal,-3.279,0.0,1.2,1.416519245400379,1000000000.0,1.0885296265523403,101.37956412661404,14.253753759648768,1.2,1.8337781504894894,1.0885296265523403
5.1000000000000005,normal,-3.2579999999999996,0.0,1.2,1.4079385159907352,1000000000.0,1.068974652923614,102.52577438794054,14.441047914041958,1.2,1.8319937166741336,1.068974652923614
5.15,normal,-3.237,0.0,1.2,1.3982059308465187,1000000000.0,1.049664297409631,103.65880379688453,14.634496193398666,1.2,1.8257904371565963,1.049664297409631
5.2,normal,-3.2160000000000006,0.0,1.2,1.3874696130807673,1000000000.0,1.0311778307999266,104.84259598429567,14.831163720082188,1.2,1.8693419751312093,1.0311778307999266
5.25,normal,-3.1950000000000003,0.0,1.2,1.3760495504758619,1000000000.0,1.0129525313375156,105.89935577630203,15.029474401936149,1.2,1.7194335764637487,1.0129525313375156
5.300000000000001,normal,-3.1739999999999995,0.0,1.2,1.3637514749835051,1000000000.0,0.9951737276101617,106.97988681576402,15.229288660164906,1.2,1.7351489979222847,0.9951737276101617
5.3500000000000005,normal,-3.1530000000000005,0.0,1.2,1.3508240722076614,1000000000.0,0.9780198490953264,108.07372905567922,15.430464957418822,1.2,1.7427663650768015,0.9780198490953264
5.4,normal,-3.1320000000000006,0.0,1.2,1.3374382027455378,1000000000.0,0.9616515775795115,109.17709517445662,15.632861565280658,1.2,1.745778022462978,0.9616515775795115
5.45,normal,-3.1109999999999998,0.0,1.2,1.3236959708712266,1000000000.0,0.9462029574592126,110.30046377020496,15.836338214350715,1.2,1.7531409948493213,0.9462029574592126
5.5,normal,-3.09,0.0,1.2,1.309662450983207,1000000000.0,0.9346454566592746,111.23585758342156,16.04075763777295,1.2,1.5623512713287382,0.9346454566592746
5.550000000000001,normal,-3.0690000000000004,0.0,1.2,1.295697676692265,1000000000.0,0.9315733939082469,112.54000262395854,16.245986992676883,1.2,1.8596179192232376,0.9315733939082469
5.6000000000000005,normal,-3.048,0.0,1.2,1.282453126581315,1000000000.0,0.9372189902693684,113.89790725478862,16.451899134500785,1.2,1.8867634154711332,0.9372189902693684
5.65,normal,-3.0269999999999997,0.0,1.2,1.2701207829212418,1000000000.0,0.951441935515319,115.25456969796355,16.658373719016495,1.2,1.8806045621344638,0.951441935515319
5.7,normal,-3.0060000000000002,0.0,1.2,1.2588521565237583,1000000000.0,0.9746552961611756,116.6105386832934,16.865298112189716,1.2,1.878930478924222,0.9746552961611756
5.75,normal,-2.9850000000000008,0.0,1.2,1.24889930522987,1000000000.0,1.006393285977087,117.96628403378702,17.072568096314058,1.2,1.8803238229718537,1.006393285977087
5.800000000000001,normal,-2.9640000000000004,0.0,1.2,1.2403103081751843,1000000000.0,1.045934608174538,119.32219534758647,17.28008837033564,1.2,1.8839262354278403,1.045934608174538
5.8500000000000005,normal,-2.9429999999999996,0.0,1.2,1.2330555435318562,1000000000.0,1.0924086638673918,120.67858282534067,17.487772851493283,1.2,1.8890855261698192,1.0924086638673918
5.9,normal,-2.9220000000000006,0.0,1.2,1.2270409830291165,1000000000.0,1.1449162736182112,122.03567998257489,17.695544793206324,1.2,1.895197392010309,1.1449162736182112
5.95,normal,-2.901,0.0,1.2,1.222128977850461,1000000000.0,1.2011996151487394,123.30845091970227,17.90333673975914,1.2,1.8419577661056963,1.2011996151487394
6.0,normal,-2.880000000000001,0.0,1.2,1.2178507963545453,1000000000.0,1.227228107614552,124.44049106695337,18.111090341363482,1.2,1.7307485281929709,1.227228107614552
6.050000000000001,normal,-2.859,0.0,1.2,1.2136309960526943,1000000000.0,1.234724419605734,125.5798017639527,18.3187560536419,1.2,1.7428762771939805,1.234724419605734
6.1000000000000005,normal,-2.8380000000000005,0.0,1.2,1.2092900326739555,1000000000.0,1.2430596349246268,126.62960115058289,18.526292743850924,1.2,1.6535370533620033,1.2430596349246268
6.15,normal,-2.817,0.0,1.2,1.2051451999251666,1000000000.0,1.2518686647688064,127.70801147017728,18.733667222898358,1.2,1.6902853597994238,1.2518686647688064
6.2,normal,-2.7960000000000007,0.0,1.2,1.2012684041344701,1000000000.0,1.2609945152351003,128.8193906114882,18.940853718173596,1.2,1.7282126070466908,1.2609945152351003
6.25,normal,-2.7750000000000004,0.0,1.2,1.1976870594152023,1000000000.0,1.2693599286783754,130.0368954877887,19.14704754322753,1.2,1.8315021794197204,1.2693599286783754
6.300000000000001,normal,-2.7539999999999996,0.0,1.2,1.1930194036367188,1000000000.0,1.2721728693597285,131.20574894538717,19.353243327343947,1.2,1.7976913706239948,1.2721728693597285
6.3500000000000005,normal,-2.7330000000000005,0.0,1.2,1.1873597477913027,1000000000.0,1.2697225237322758,132.3347595031629,19.56008204391595,1.2,1.7668668807226127,1.2697225237322758
6.4,normal,-2.7119999999999997,0.0,1.2,1.180864636144492,1000000000.0,1.2674843992982368,133.7018331357326,19.764851648509627,1.2,1.9598118210234836,1.2674843992982368
6.45,normal,-2.6910000000000007,0.0,1.2,1.1731940349533603,1000000000.0,1.2655046408700343,135.0695168328711,19.96880718603705,1.2,1.9636879764697208,1.2655046408700343
6.5,normal,-2.67,0.0,1.2,1.164305888155633,1000000000.0,1.2638225613238547,136.43746200637707,20.17330586593385,1.2,1.9656298972677195,1.2638225613238547
6.550000000000001,normal,-2.6489999999999996,0.0,1.2,1.1541344745166653,1000000000.0,1.262489594017602,137.80511667489304,20.379706932619023,1.2,1.9648673283398317,1.262489594017602
6.6000000000000005,normal,-2.628,0.0,1.2,1.1426253964439557,1000000000.0,1.2615325138683682,139.17226668579812,20.586716716940334,1.2,1.9627352034493337,1.2615325138683682
6.65,normal,-2.6069999999999998,0.0,1.2,1.1296485323826466,1000000000.0,1.260953323620552,140.5386824429742,20.79380651997329,1.2,1.9591538253913563,1.260953323620552
6.7,normal,-2.5860000000000003,0.0,1.2,1.115330639354967,1000000000.0,1.260730946231606,141.90414706482014,21.000976564193998,1.2,1.9541240293210393,1.260730946231606
6.75,normal,-2.5650000000000004,0.0,1.2,1.0994750857158437,1000000000.0,1.2608245089987566,143.26848182803337,21.208221941391315,1.2,1.947728893099376,1.2608245089987566
6.800000000000001,normal,-2.5439999999999996,0.0,1.2,1.0824086000611794,1000000000.0,1.2611778435264716,144.4248027673992,21.415533034199214,1.2,1.7873238020551827,1.2611778435264716
6.8500000000000005,normal,-2.5229999999999997,0.0,1.2,1.0648731989087605,1000000000.0,1.2617248982585025,145.63731383325293,21.622895957564417,1.2,1.8274878901654006,1.2617248982585025
6.9,normal,-2.5020000000000007,0.0,1.2,1.0470294659676058,1000000000.0,1.2604329467003945,146.88581767017115,21.8302730404913,1.2,1.841525174892105,1.2604329467003945
6.95,normal,-2.481,0.0,1.2,1.0290183548204055,1000000000.0,1.24296959420161,148.08760561899425,22.0376214194516,1.2,1.7947733961669283,1.24296959420161
7.0,normal,-2.460000000000001,0.0,1.2,1.0109478884804184,1000000000.0,1.2249895362584053,149.2524031532517,22.244894706483613,1.2,1.7533978570608837,1.2249895362584053
7.050000000000001,normal,-2.439,0.0,1.2,0.992891836841633,1000000000.0,1.2075530456776387,150.3932887168073,22.452044633574562,1.2,1.721927823284944,1.2075530456776387
7.1000000000000005,normal,-2.418,0.0,1.2,0.9744363711505057,1000000000.0,1.1916995079310373,151.52637711847808,22.659022603010364,1.2,1.7049243579263518,1.1916995079310373
7.15,normal,-2.3970000000000007,0.0,1.2,0.9556515956704874,1000000000.0,1.1795352896470515,152.66829442716207,22.865781092187934,1.2,1.7039137598252885,1.1795352896470515
7.2,normal,-2.376,0.0,1.2,0.9366698443142389,1000000000.0,1.1733295503096117,153.79803244838774,23.072274878889406,1.2,1.692030952866401,1.1733295503096117
7.25,normal,-2.3550000000000004,0.0,1.2,0.9173561705266173,1000000000.0,1.172933920023327,154.90141472070042,23.278462068152624,1.2,1.67115237091205,1.172933920023327
7.300000000000001,normal,-2.3340000000000005,0.0,1.2,0.897775826544998,1000000000.0,1.1816243201074825,156.04259739699563,23.484304914193682,1.2,1.6923247905691596,1.1816243201074825
7.3500000000000005,normal,-2.3129999999999997,0.0,1.2,0.8775309867477545,1000000000.0,1.1983770676359844,157.13306045202518,23.6897704403491,1.2,1.6425671462496965,1.1983770676359844
7.4,normal,-2.2920000000000007,0.0,1.2,0.856750341721539,1000000000.0,1.2204866624396398,158.03006896992053,23.894830866987874,1.2,1.481189135235366,1.2204866624396398
7.45,normal,-2.271,0.0,1.2,0.8357075049569371,1000000000.0,1.2452836633327689,158.78040068595055,24.099463862202562,1.2,1.3372750466602763,1.2452836633327689
7.5,normal,-2.250000000000001,0.0,1.2,0.8145100370380272,1000000000.0,1.2696981911626546,159.4477583800762,24.303652633247648,1.2,1.237845071258165,1.2696981911626546
7.550000000000001,normal,-2.2290000000000005,0.0,1.2,0.7932155296436649,1000000000.0,1.2696686339487766,160.07545883232143,24.50738587853185,1.2,1.1753909986242241,1.2696686339487766
7.6000000000000005,normal,-2.208,0.0,1.2,0.77186066610276,1000000000.0,1.2695461045952436,160.6803148521522,24.710657620795196,1.2,1.135878799650985,1.2695461045952436
7.65,normal,-2.1870000000000003,0.0,1.2,0.7504851531167737,1000000000.0,1.2693458639175959,161.25659436585246,24.913466942145252,1.2,1.0850119783059402,1.2693458639175959
7.7,normal,-2.1660000000000004,0.0,1.2,0.729140898839886,1000000000.0,1.2690847097938673,161.80780300506547,25.115817641063597,1.2,1.0353427771447674,1.2690847097938673
7.75,normal,-2.145,0.0,1.2,0.7078682728440722,1000000000.0,1.2687801878047986,162.33722949491005,25.317717830458687,1.2,0.9868522582196997,1.2687801878047986
7.800000000000001,normal,-2.1239999999999997,0.0,1.2,0.686697788638615,1000000000.0,1.268449841987949,162.84798703567242,25.51917949444585,1.2,0.9394723313723505,1.268449841987949
7.8500000000000005,normal,-2.1030000000000006,0.0,1.2,0.6656519386695546,1000000000.0,1.2681105277721507,163.3430454598789,25.720218019881713,1.2,0.893092178602559,1.2681105277721507
7.9,normal,-2.082,0.0,1.2,0.6446511170699193,1000000000.0,1.2677778063406442,163.82525554090057,25.920851716864565,1.2,0.847616807175348,1.2677778063406442
7.95,normal,-2.061000000000001,0.0,1.2,0.6237242329912229,1000000000.0,1.2674654363911473,164.2973668751422,26.121101340522454,1.2,0.8031291687426186,1.2674654363911473
8.0,normal,-2.04,0.0,1.2,0.6028963056361961,1000000000.0,1.2671849754780389,164.762040638357,26.32098962452448,1.2,0.7611463333818393,1.2671849754780389
8.05,normal,-2.019,0.0,1.2,0.582191596021856,1000000000.0,1.2561499829302203,165.22185832380433,26.52044751738188,1.2,0.7410714000816339,1.2561499829302203
8.1,normal,-1.9980000000000009,0.0,1.2,0.5616556899600913,1000000000.0,1.2209344675578053,165.68725942626423,26.719456062449186,1.2,0.806527683066923,1.2209344675578053
8.15,normal,-1.9769999999999999,0.0,1.2,0.5412936732706244,1000000000.0,1.1907610474291652,166.21500798371292,26.917824070754296,1.2,1.003479740306365,1.1907610474291652
8.200000000000001,normal,-1.9560000000000002,0.0,1.2,0.5210789909424214,1000000000.0,1.1685459656350932,166.87612034710435,27.115821255488417,1.2,1.213722885315497,1.1685459656350932
8.25,normal,-1.9350000000000005,0.0,1.2,0.5010433748782198,1000000000.0,1.1565916367107616,167.69547339714546,27.314037268841805,1.2,1.3867221608770826,1.1565916367107616
8.3,normal,-1.914,0.0,1.2,0.48123806949070713,1000000000.0,1.1557243028743285,168.59091224326477,27.51295565757865,1.2,1.465624854963084,1.1557243028743285
8.35,normal,-1.8930000000000007,0.0,1.2,0.46177211517435773,1000000000.0,1.1649276757026055,169.4180783349192,27.712685458816736,1.2,1.427436950802218,1.1649276757026055
8.4,normal,-1.872,0.0,1.2,0.44278616891262884,1000000000.0,1.1817354807476539,170.09289905073834,27.91277678406324,1.2,1.2836435075893284,1.1817354807476539
8.450000000000001,normal,-1.8509999999999995,0.0,1.2,0.4240800979911049,1000000000.0,1.2030785747342918,170.6339246261603,28.112378530997624,1.2,1.1004694036432494,1.2030785747342918
8.5,normal,-1.830000000000001,0.0,1.2,0.40616603670982043,1000000000.0,1.2260376731576248,171.0793570612871,28.310535801486687,1.2,0.9388979378654302,1.2260376731576248
8.55,normal,-1.809,0.0,1.2,0.3903165803412716,1000000000.0,1.2274038635820226,171.49410313488298,28.506405360588122,1.2,0.9489997073249148,1.2274038635820226
8.6,normal,-1.788000000000001,0.0,1.2,0.3791110512307536,1000000000.0,1.228634851702413,171.9038363809622,28.69906943235271,1.2,1.0114802059562273,1.228634851702413
8.65,normal,-1.7670000000000003,0.0,1.2,0.3714517256895375,1000000000.0,1.229684650003117,172.31760386911617,28.888038885914526,1.2,1.0733352647924106,1.229684650003117
8.700000000000001,normal,-1.746,0.0,1.2,0.3649829686373724,1000000000.0,1.2087759627496757,172.7581195301827,29.072747649248072,1.2,1.1872420092069138,1.2087759627496757
8.75,normal,-1.725000000000001,0.0,1.2,0.3590661408042916,1000000000.0,1.1940095475256534,173.2280428980195,29.253159618675713,1.2,1.2736871255875741,1.1940095475256534
8.8,normal,-1.7040000000000004,0.0,1.2,0.353425193845567,1000000000.0,1.1864918948186032,173.72330752579035,29.4294541226225,1.2,1.3263660299329154,1.1864918948186032
8.85,normal,-1.6830000000000007,0.0,1.2,0.34771941826646874,1000000000.0,1.1864812520032384,174.20812412838927,29.60195641576654,1.2,1.3181103724153589,1.1864812520032384
8.9,normal,-1.6620000000000006,0.0,1.2,0.34159439828427035,1000000000.0,1.1932966203822513,174.63583485473566,29.770909726557335,1.2,1.242389619765923,1.1932966203822513
8.950000000000001,normal,-1.641,0.0,1.2,0.33484335285115174,1000000000.0,1.2055105091702993,174.97912745083724,29.9364224629147,1.2,1.1126462151161398,1.2055105091702993
9.0,normal,-1.6200000000000003,0.0,1.2,0.32749060289913456,1000000000.0,1.2213316200137394,175.2421291534219,30.09854394983216,1.2,0.959320584166187,1.2213316200137394
9.05,normal,-1.5990000000000006,0.0,1.2,0.3198169275348737,1000000000.0,1.2389591211313407,175.44878253311902,30.25729237687346,1.2,0.8252730355384801,1.2389591211313407
9.1,normal,-1.5780000000000012,0.0,1.2,0.31235366339486703,1000000000.0,1.2567971086707166,175.62599423829272,30.41265734172393,1.2,0.7632321404105015,1.2567971086707166
9.15,normal,-1.5570000000000002,0.0,1.2,0.30563870722598974,1000000000.0,1.2739058095198914,175.7949077279475,30.564315013296522,1.2,0.7628763229867164,1.2739058095198914
9.200000000000001,normal,-1.536,0.0,1.2,0.29962813350937667,1000000000.0,1.2896390357489487,175.9613088074621,30.712009267219447,1.2,0.764440366017145,1.2896390357489487
9.25,normal,-1.5150000000000006,0.0,1.2,0.29370734988669567,1000000000.0,1.2886413935063628,176.11501829250287,30.855892895469964,1.2,0.7354942194590155,1.2886413935063628
9.3,normal,-1.4940000000000004,0.0,1.2,0.28737744568785584,1000000000.0,1.2765583772244253,176.2502464039558,30.996307918052043,1.2,0.6908773982298447,1.2765583772244253
9.35,normal,-1.4730000000000003,0.0,1.2,0.28042774157981953,1000000000.0,1.263401550212952,176.3660997789832,31.133683031312145,1.2,0.6377132882401737,1.263401550212952
9.4,normal,-1.4520000000000006,0.0,1.2,0.27281834026374563,1000000000.0,1.2499134595939403,176.46109683811312,31.26851851377184,1.2,0.565905448604828,1.2499134595939403
9.450000000000001,normal,-1.4310000000000005,0.0,1.2,0.26464334589516697,1000000000.0,1.2371179818517672,176.54377946161975,31.40107656167155,1.2,0.5188850626583581,1.2371179818517672
9.5,normal,-1.4100000000000004,0.0,1.2,0.25605669685228083,1000000000.0,1.2260194782480849,176.62331042937123,31.531620248822495,1.2,0.5257563014504647,1.2260194782480849
9.55,normal,-1.3890000000000002,0.0,1.2,0.24721565847417892,1000000000.0,1.2174972043570815,176.70634930230213,31.66044675707466,1.2,0.551680338931962,1.2174972043570815
9.600000000000001,normal,-1.3680000000000003,0.0,1.2,0.23826171745778027,1000000000.0,1.2121875794698704,176.79403920405815,31.787899623718047,1.2,0.5664494230027504,1.2121875794698704
9.65,normal,-1.347,0.0,1.2,0.22931097270529124,1000000000.0,1.206493626395649,176.87137808922535,31.914444696163912,1.2,0.5345599115276326,1.206493626395649
9.700000000000001,normal,-1.3259999999999992,0.0,1.2,0.2204702342096528,1000000000.0,1.1676606754655408,177.0373602973824,32.038861478362215,1.2,0.7710282933777619,1.1676606754655408
9.75,normal,-1.3050000000000006,0.0,1.2,0.21217343407539574,1000000000.0,1.138857205300057,177.51155448655345,32.1603088226774,1.2,1.203007507548155,1.138857205300057
9.8,normal,-1.2839999999999994,0.0,1.2,0.20487258427695626,1000000000.0,1.1241170688467783,178.38714281347103,32.2801880005927,1.2,1.5590437887446473,1.1241170688467783
9.850000000000001,normal,-1.263,0.0,1.2,0.1988927314204628,1000000000.0,1.1230245602626707,179.24148123070225,32.40116182358365,1.2,1.5506301564553948,1.1230245602626707
9.9,normal,-1.242,0.0,1.2,0.1942412955460407,1000000000.0,1.1350606715676401,180.05278771457046,32.525287955258364,1.2,1.5097669586094868,1.1350606715676401
9.950000000000001,normal,-1.221,0.0,1.2,0.19106012563127334,1000000000.0,1.1577209659911907,180.60080260019072,32.65463531605596,1.2,1.2696589842212498,1.1577209659911907
10.0,normal,-1.2000000000000002,0.0,1.2,0.18933887665941945,1000000000.0,1.1867582055320003,180.83756112269148,32.78873731389721,1.2,0.8878160055962034,1.1867582055320003
10.05,normal,-1.1789999999999998,0.0,1.2,0.18883402801711377,1000000000.0,1.2100443416122444,180.9056797973874,32.92554052578641,1.2,0.5007210642680151,1.2100443416122444
10.100000000000001,normal,-1.157999999999999,0.0,1.2,0.18906408550888482,1000000000.0,1.2136053860753349,180.96997794836082,33.06321565242786,1.2,0.47223074787013336,1.2136053860753349
10.15,normal,-1.1370000000000005,0.0,1.2,0.1895130020095619,1000000000.0,1.2095981332606112,181.0950721252264,33.20057177864254,1.2,0.6283096324381916,1.2095981332606112
10.200000000000001,normal,-1.1159999999999997,0.0,1.2,0.1897662280176369,1000000000.0,1.2079249988937524,181.28575776264043,33.336692487085415,1.2,0.7984414328255528,1.2079249988937524
10.25,normal,-1.0950000000000006,0.0,1.2,0.18954888854741744,1000000000.0,1.2103299558958165,181.5105247772153,33.47120419600935,1.2,0.892283395468878,1.2103299558958165
10.3,normal,-1.0739999999999998,0.0,1.2,0.18872677456307083,1000000000.0,1.2126403976889142,181.7467019626291,33.60392255412651,1.2,0.9177668145047712,1.2126403976889142
10.350000000000001,normal,-1.0529999999999995,0.0,1.2,0.18725172616658523,1000000000.0,1.2096490434517562,181.97710943913478,33.73487143729099,1.2,0.8977293025012762,1.2096490434517562
10.4,normal,-1.0320000000000005,0.0,1.2,0.18514934511047543,1000000000.0,1.2114463212540327,182.18206533490752,33.86425488622908,1.2,0.838298238800402,1.2114463212540327
10.450000000000001,normal,-1.0110000000000001,0.0,1.2,0.18264220101180242,1000000000.0,1.2174035133604693,182.34827351151074,33.992373638252076,1.2,0.7520030464798417,1.2174035133604693
10.5,normal,-0.9900000000000002,0.0,1.2,0.1801865773303762,1000000000.0,1.226504506409898,182.47437069643087,34.119530508504674,1.2,0.6535573875497575,1.226504506409898
10.55,normal,-0.9690000000000003,0.0,1.2,0.1779537055453591,1000000000.0,1.2375390982765702,182.56950306287976,34.245849060855015,1.2,0.5597386782344549,1.2375390982765702
10.600000000000001,normal,-0.9479999999999995,0.0,1.2,0.1756986044132495,1000000000.0,1.2408579519785161,182.64644077196547,34.37118390550611,1.2,0.49288490593609835,1.2408579519785161
10.65,normal,-0.9270000000000009,0.0,1.2,0.17431662641692186,1000000000.0,1.236074880826563,182.7180006650986,34.495385907289915,1.2,0.4792573758997786,1.236074880826563
10.700000000000001,normal,-0.9060000000000001,0.0,1.2,0.17404828078475873,1000000000.0,1.232462836732786,182.78865855088586,34.618452470764794,1.2,0.4919870699010292,1.232462836732786
10.75,normal,-0.8850000000000007,0.0,1.2,0.17307982160703567,1000000000.0,1.2301222813952641,182.8468143208454,34.74008805183381,1.2,0.4524674042566052,1.2301222813952641
10.8,normal,-0.8639999999999999,0.0,1.2,0.17141617181065733,1000000000.0,1.2289269390517357,182.89344506301268,34.85973283594835,1.2,0.41459643685898123,1.2289269390517357
10.850000000000001,normal,-0.843,0.0,1.2,0.16926381907211563,1000000000.0,1.2174590158317524,182.94417551881918,34.97689899432589,1.2,0.3929125291663854,1.2174590158317524
10.9,normal,-0.8220000000000001,0.0,1.2,0.16688606719332813,1000000000.0,1.20303734527545,183.02125731242387,35.091210462813656,1.2,0.4822998499051524,1.20303734527545
10.950000000000001,normal,-0.8010000000000002,0.0,1.2,0.1645422632682692,1000000000.0,1.193184981917117,183.1381610260664,35.202611441196524,1.2,0.5799021753162237,1.193184981917117
11.0,normal,-0.7799999999999998,0.0,1.2,0.16246047586972795,1000000000.0,1.1887970336574745,183.2863317813213,35.31148283834926,1.2,0.6381452648279449,1.1887970336574745
11.05,normal,-0.7590000000000008,0.0,1.2,0.16081749592469652,1000000000.0,1.1899936644798672,183.43586970227932,35.418515727735844,1.2,0.6395011710239176,1.1899936644798672
11.100000000000001,normal,-0.738,0.0,1.2,0.15973181107432716,1000000000.0,1.196107427440651,183.5545100575681,35.52439128923304,1.2,0.5822854797372669,1.196107427440651
11.15,normal,-0.7170000000000005,0.0,1.2,0.15930204131866513,1000000000.0,1.2058873286397007,183.62824421283116,35.62950850078428,1.2,0.48164343217397754,1.2058873286397007
11.200000000000001,normal,-0.6959999999999997,0.0,1.2,0.15981750600276062,1000000000.0,1.2178111528388287,183.66497697598575,35.733932150611814,1.2,0.36320455364335086,1.2178111528388287
11.25,normal,-0.6750000000000003,0.0,1.2,0.1617876532722611,1000000000.0,1.2257195678914659,183.68197104811247,35.83761495320354,1.2,0.2525222240121914,1.2257195678914659
11.3,normal,-0.6539999999999995,0.0,1.2,0.1647591731103219,1000000000.0,1.226674188753617,183.6946361051716,35.94053648276952,1.2,0.21599522786000652,1.226674188753617
11.350000000000001,normal,-0.6330000000000005,0.0,1.2,0.16804971547268224,1000000000.0,1.2284737506159102,183.71323640099985,36.04265073478159,1.2,0.24026905586844158,1.2284737506159102
11.4,normal,-0.6120000000000001,0.0,1.2,0.17128456557644003,1000000000.0,1.2309509673510415,183.74345772610195,36.143951524390125,1.2,0.3138351217290686,1.2309509673510415
11.450000000000001,normal,-0.5910000000000002,0.0,1.2,0.17421934312151963,1000000000.0,1.2338461025692282,183.78768450034443,36.24455474927893,1.2,0.39399068857648295,1.2338461025692282
11.5,normal,-0.5700000000000003,0.0,1.2,0.17667148489910783,1000000000.0,1.2310701021386177,183.8442253374003,36.344661942423684,1.2,0.4585057946670171,1.2310701021386177
11.55,normal,-0.5489999999999999,0.0,1.2,0.17851340003515404,1000000000.0,1.2285866564118675,183.90789231846094,36.444508389683236,1.2,0.49397345054340613,1.2285866564118675
11.600000000000001,normal,-0.5279999999999996,0.0,1.2,0.1796768784858783,1000000000.0,1.2282615726726203,183.97121191604572,36.544310312486914,1.2,0.49444977435786264,1.2282615726726203
11.65,normal,-0.5070000000000006,0.0,1.2,0.18015775606670048,1000000000.0,1.2299561410683955,184.02655977581549,36.64422160789941,1.2,0.45931637851140217,1.2299561410683955
11.700000000000001,normal,-0.4859999999999993,0.0,1.2,0.18001467304616767,1000000000.0,1.2333622787291973,184.06861129252613,36.74430862403981,1.2,0.39225005446424116,1.2333622787291973
11.75,normal,-0.46500000000000075,0.0,1.2,0.17935892465956788,1000000000.0,1.2376038476527709,184.09606027997046,36.84454906737572,1.2,0.30071841773521923,1.2376038476527709
11.8,normal,-0.44399999999999995,0.0,1.2,0.1783364859155335,1000000000.0,1.2370001700110729,184.11184608873376,36.94485616801553,1.2,0.19704999297386425,1.2370001700110729
11.850000000000001,normal,-0.42300000000000004,0.0,1.2,0.17710661038866193,1000000000.0,1.2296792941633672,184.12181463545,37.04512194643211,1.2,0.17417936828235875,1.2296792941633672
11.9,normal,-0.40200000000000014,0.0,1.2,0.17582201480992388,1000000000.0,1.223485896077238,184.13237853683697,37.14526618624715,1.2,0.1980482667158397,1.223485896077238
11.950000000000001,normal,-0.3809999999999998,0.0,1.2,0.17461355816558943,1000000000.0,1.2189212346056928,184.14812950671046,37.24527378789009,1.2,0.2323392395375467,1.2189212346056928
12.0,normal,-0.36000000000000076,0.0,1.2,0.1735797873623272,1000000000.0,1.21629558856873,184.17040761736226,37.34520578516574,1.2,0.2765100944804894,1.21629558856873
12.05,normal,-0.3390000000000004,0.0,1.2,0.1727808756564492,1000000000.0,1.2156945889111896,184.19697432351404,37.44514106048341,1.2,0.30616617384151784,1.2156945889111896
12.100000000000001,normal,-0.3179999999999996,0.0,1.2,0.17224486979190642,1000000000.0,1.216980368296475,184.2235247099547,37.545110364406284,1.2,0.3076044779854278,1.216980368296475
12.15,normal,-0.2970000000000006,0.0,1.2,0.17197216807062085,1000000000.0,1.2198280893166606,184.24697375376127,37.645135187955304,1.2,0.28915934917028285,1.2198280893166606
12.200000000000001,normal,-0.2759999999999998,0.0,1.2,0.17193038583633752,1000000000.0,1.2237873585139651,184.26611698413183,37.745237940500566,1.2,0.26023551144576845,1.2237873585139651
12.25,normal,-0.2550000000000012,0.0,1.2,0.17206098012872945,1000000000.0,1.2283521985637238,184.28115423284288,37.84544099435681,1.2,0.23258814746778517,1.2283521985637238
12.3,normal,-0.23400000000000043,0.0,1.2,0.17229015072180295,1000000000.0,1.2303723669157738,184.29308681928455,37.945781735514394,1.2,0.21219959762783752,1.2303723669157738
12.350000000000001,normal,-0.21300000000000008,0.0,1.2,0.17253789702846822,1000000000.0,1.232283532520466,184.30308965798963,38.04633206709738,1.2,0.19360861844979943,1.232283532520466
12.4,normal,-0.19200000000000017,0.0,1.2,0.1727240320758343,1000000000.0,1.2347686684930166,184.31215132481842,38.14721160012814,1.2,0.17677972748530965,1.2347686684930166
12.450000000000001,normal,-0.17100000000000026,0.0,1.2,0.1727717177946646,1000000000.0,1.2375589467498145,184.32023042770984,38.2484468333037,1.2,0.1491542269078318,1.2375589467498145
12.5,normal,-0.1499999999999999,0.0,1.2,0.172629802298048,1000000000.0,1.2403588543358595,184.32831469887964,38.350070023402,1.2,0.12446939989810865,1.2403588543358595
12.55,normal,-0.1290000000000009,0.0,1.2,0.1722586155048351,1000000000.0,1.240279134525415,184.33722793612225,38.45212400080441,1.2,0.14220667011364477,1.240279134525415
12.600000000000001,normal,-0.1080000000000001,0.0,1.2,0.1716298937462149,1000000000.0,1.23966842339455,184.34728342902736,38.554650458140955,1.2,0.17117134771698703,1.23966842339455
12.65,normal,-0.08700000000000063,0.0,1.2,0.17072958535515848,1000000000.0,1.2388618355806906,184.3581746950633,38.657680635288635,1.2,0.18840343619765143,1.2388618355806906
12.700000000000001,normal,-0.06600000000000028,0.0,1.2,0.16956061245576826,1000000000.0,1.237885889166734,184.36908512703107,38.761230782367434,1.2,0.19085640215788244,1.237885889166734
12.75,normal,-0.04500000000000082,0.0,1.2,0.16814477133690697,1000000000.0,1.2367868941260938,184.37900571555684,38.86530240443172,1.2,0.17881291164152519,1.2367868941260938
12.8,normal,-0.02400000000000002,0.0,1.2,0.16652296465551794,1000000000.0,1.2354878198341763,184.38714358567535,38.96988600064532,1.2,0.1620695539577025,1.2354878198341763
12.850000000000001,normal,-0.0030000000000001137,0.0,1.2,0.1647531505749133,1000000000.0,1.2323914338046882,184.3932449367093,39.074966673175076,1.2,0.14735535750863554,1.2323914338046882
12.9,normal,0.017999999999998906,0.0,1.2,0.16290583426022648,1000000000.0,1.2295542377836826,184.39768587422307,39.180530004096354,1.2,0.12864895410979682,1.2295542377836826
12.950000000000001,normal,0.0389999999999997,0.0,1.2,0.16105751586352468,1000000000.0,1.2271925045805805,184.4012946102254,39.28656666156019,1.2,0.1127583416627187,1.2271925045805805
13.0,normal,0.05999999999999961,0.0,1.2,0.1592830382010504,1000000000.0,1.225466954258219,184.4049975020544,39.39307440107085,1.2,0.11168914477710672,1.225466954258219
13.05,normal,0.08099999999999952,0.0,1.2,0.15764807574177123,1000000000.0,1.2244705573855692,184.40945662270713,39.50005671916378,1.2,0.12182564136634946,1.2244705573855692
13.100000000000001,normal,0.10200000000000031,0.0,1.2,0.15620300673290152,1000000000.0,1.2242238297106824,184.41485246924722,39.60751842444835,1.2,0.13450549888653504,1.2242238297106824
13.15,normal,0.12299999999999844,0.0,1.2,0.15497911852633653,1000000000.0,1.2246782109278713,184.42088163176803,39.715459476926696,1.2,0.14318588396234597,1.2246782109278713
13.200000000000001,normal,0.14400000000000013,0.0,1.2,0.15398756642021386,1000000000.0,1.2257266989613829,184.42693886233786,39.82386908339062,1.2,0.14258507269896167,1.2257266989613829
13.25,normal,0.16499999999999915,0.0,1.2,0.15322087444599675,1000000000.0,1.2272197170230674,184.43238503420676,39.93272188064202,1.2,0.1315500750263985,1.2272197170230674
13.3,normal,0.18599999999999994,0.0,1.2,0.1526562701807756,1000000000.0,1.2289835746994335,184.43678780435187,40.04197718299059,1.2,0.11297295335432397,1.2289835746994335
13.350000000000001,normal,0.20699999999999985,0.0,1.2,0.15226001735184433,1000000000.0,1.2308389332745475,184.44005271634737,40.15158117139755,1.2,0.10002071790083042,1.2308389332745475
13.4,normal,0.22799999999999976,0.0,1.2,0.15199214638141553,1000000000.0,1.2326172331443745,184.44241627463649,40.26147106044348,1.2,0.08517637313295297,1.2326172331443745
13.450000000000001,normal,0.24899999999999967,0.0,1.2,0.1518112109121462,1000000000.0,1.23417380327407,184.44432500307386,40.37157996171455,1.2,0.07965582648923128,1.23417380327407
13.5,normal,0.2699999999999987,0.0,1.2,0.15167853295065048,1000000000.0,1.2353970952658486,184.44625852756838,40.48184133043674,1.2,0.08305233202229372,1.2353970952658486
13.55,normal,0.29100000000000037,0.0,1.2,0.15156114334035786,1000000000.0,1.2362140242587474,184.44856370031948,40.59219231632085,1.2,0.08942652903307431,1.2362140242587474
13.600000000000001,normal,0.31200000000000117,0.0,1.2,0.15143302209729517,1000000000.0,1.2365917244799733,184.45135355920294,40.702575807221805,1.2,0.09635781470687155,1.2365917244799733
13.65,normal,0.3329999999999993,0.0,1.2,0.15127517019034173,1000000000.0,1.2365361795553083,184.45449755617616,40.81294131231437,1.2,0.10244136713971139,1.2365361795553083
13.700000000000001,normal,0.3540000000000001,0.0,1.2,0.1510754809072814,1000000000.0,1.236088234241213,184.45769733134324,40.92324503421157,1.2,0.1046356362986772,1.236088234241213
13.75,normal,0.3749999999999991,0.0,1.2,0.15082896716693805,1000000000.0,1.235317498820653,184.4606143811832,41.03344953630513,1.2,0.10035858990870974,1.235317498820653
13.8,normal,0.3959999999999999,0.0,1.2,0.15053829455113085,1000000000.0,1.2343146650957062,184.46300039950899,41.14352335011266,1.2,0.09017771259258009,1.2343146650957062
13.850000000000001,normal,0.4169999999999989,0.0,1.2,0.15021415514437378,1000000000.0,1.2331827854425708,184.46478316151737,41.25344072202544,1.2,0.07640557542795465,1.2331827854425708
13.9,normal,0.4379999999999997,0.0,1.2,0.14987474892457206,1000000000.0,1.2320281225061491,184.4660800648796,41.3631815151946,1.2,0.06291157875455303,1.2320281225061491
13.950000000000001,normal,0.45899999999999963,0.0,1.2,0.1495438168823804,1000000000.0,1.230951236017185,184.46714034447857,41.47273111771475,1.2,0.058347217160194,1.230951236017185
14.0,normal,0.47999999999999954,0.0,1.2,0.14924736372316616,1000000000.0,1.230039001595616,184.4682437797823,41.58208011970217,1.2,0.06150205697766305,1.230039001595616
14.05,normal,0.5009999999999994,0.0,1.2,0.14900987910800517,1000000000.0,1.2293582194202728,184.46959779171883,41.69122354493697,1.2,0.06770846904144368,1.2293582194202728
14.100000000000001,normal,0.5220000000000002,0.0,1.2,0.1488510828662391,1000000000.0,1.2289513453959477,184.47127146935748,41.80015955333305,1.2,0.07397239252274393,1.2289513453959477
14.15,normal,0.5430000000000001,0.0,1.2,0.14878391897671767,1000000000.0,1.2288346644795607,184.47318710805075,41.908887720944406,1.2,0.07850514277358017,1.2288346644795607
14.200000000000001,normal,0.5639999999999992,0.0,1.2,0.1488139018644225,1000000000.0,1.2289989531695338,184.47516580116695,42.01740717970871,1.2,0.08005296405130673,1.2289989531695338
14.25,normal,0.5849999999999991,0.0,1.2,0.148939399127534,1000000000.0,1.2294123946931104,184.4770036666301,42.12571498875842,1.2,0.07736885019607338,1.2294123946931104
14.3,normal,0.6059999999999999,0.0,1.2,0.14915235809712493,1000000000.0,1.2300252704396748,184.47854683291914,42.23380507656969,1.2,0.07074115383359207,1.2300252704396748
14.350000000000001,normal,0.6269999999999998,0.0,1.2,0.14943925552670279,1000000000.0,1.2307757968536748,184.4797382031852,42.341667951566095,1.2,0.06275495603307055,1.2307757968536748
14.4,normal,0.6479999999999997,0.0,1.2,0.14978230517961907,1000000000.0,1.2315964264486858,184.48062340773032,42.44929118258253,1.2,0.055599082656577606,1.2315964264486858
14.450000000000001,normal,0.6689999999999987,0.0,1.2,0.1501609852372684,1000000000.0,1.2324199770248945,184.4813201559533,42.556660470187055,1.2,0.050033692573368024,1.2324199770248945
14.5,normal,0.6900000000000004,0.0,1.2,0.15055380981830155,1000000000.0,1.2331850679886465,184.48196761873072,42.6637610217975,1.2,0.04757279240031917,1.2331850679886465
14.55,normal,0.7109999999999994,0.0,1.2,0.15094013050307545,1000000000.0,1.2338404930154343,184.482676722327,42.77057893085187,1.2,0.048134647394304585,1.2338404930154343
14.600000000000001,normal,0.7320000000000002,0.0,1.2,0.15130171388905275,1000000000.0,1.234348313478003,184.48349833752508,42.87710232967717,1.2,0.04992081471040354,1.234348313478003
14.65,normal,0.7529999999999992,0.0,1.2,0.15162390421251548,1000000000.0,1.2346855957942162,184.48441723394848,42.98332219922738,1.2,0.052465603990021856,1.2346855957942162
14.700000000000001,normal,0.774,0.0,1.2,0.15189629718571146,1000000000.0,1.2348448277155872,184.48536946904284,43.08923283225434,1.2,0.05394405476115294,1.2348448277155872
14.75,normal,0.7949999999999999,0.0,1.2,0.15211296156182938,1000000000.0,1.2348331320673034,184.48627327096472,43.194832025394774,1.2,0.052980143790418134,1.2348331320673034
14.8,normal,0.815999999999999,0.0,1.2,0.15227230332918187,1000000000.0,1.2346704554836434,184.48706057406974,43.30012110477509,1.2,0.05010969666499886,1.2346704554836434
14.850000000000001,normal,0.8370000000000006,0.0,1.2,0.15237666632552105,1000000000.0,1.2343869501208347,184.48769833923865,43.405104873452665,1.2,0.04636093762083122,1.2343869501208347
14.9,normal,0.8579999999999997,0.0,1.2,0.15243173486196754,1000000000.0,1.23401979332627,184.48819413368565,43.50979152562191,1.2,0.04240407537536136,1.23401979332627
14.950000000000001,normal,0.8789999999999996,0.0,1.2,0.1524457897969312,1000000000.0,1.233609706707467,184.4885867669156,43.61419252516525,1.2,0.038521809904810335,1.233609706707467
15.0,normal,0.8999999999999995,0.0,1.2,0.15242888209233765,1000000000.0,1.2331974421864886,184.48892776752479,43.71832241414563,1.2,0.03539632658823832,1.2331974421864886
15.05,normal,0.9209999999999994,0.0,1.2,0.152392008791891,1000000000.0,1.2328204964331557,184.48926167236237,43.822198510101096,1.2,0.034051821644621505,1.2328204964331557
15.100000000000001,normal,0.9420000000000002,0.0,1.2,0.15234638360877767,1000000000.0,1.2325102935057932,184.48961220773617,43.925840468628756,1.2,0.03345057459676024,1.2325102935057932
15.15,normal,0.9629999999999992,0.0,1.2,0.15230288292635705,1000000000.0,1.2322900361576783,184.48997826889877,44.02926972050474,1.2,0.03259824588806123,1.2322900361576783
15.200000000000001,normal,0.984,0.0,1.2,0.15227172623950125,1000000000.0,1.23217336890209,184.49033958045086,44.13250882741098,1.2,0.03166748248968522,1.23217336890209
15.25,normal,1.004999999999999,0.0,1.2,0.15226242217181407,1000000000.0,1.232163923764544,184.49066854606775,44.235580825021145,1.2,0.03085141265795003,1.232163923764544
15.3,normal,1.0259999999999998,0.0,1.2,0.15228395808793416,1000000000.0,1.23225573944068,184.4909431344821,44.33850862893949,1.2,0.028915463822440556,1.23225573944068
15.350000000000001,normal,1.0469999999999997,0.0,1.2,0.15234506955465962,1000000000.0,1.2324344656405528,184.49115602898794,44.44131456621313,1.2,0.025905749205048494,1.2324344656405528
15.4,normal,1.0679999999999987,0.0,1.2,0.15245409790600634,1000000000.0,1.232679196682411,184.49131726697289,44.54402006739249,1.2,0.022614557306945914,1.232679196682411
15.450000000000001,normal,1.0890000000000004,0.0,1.2,0.15261752359217762,1000000000.0,1.2329647302178395,184.49145028382037,44.64664552020593,1.2,0.020383416363680497,1.2329647302178395
15.5,normal,1.1099999999999994,0.0,1.2,0.1528366442991479,1000000000.0,1.233264023193634,184.49158360937332,44.74921025581797,1.2,0.020025175932147005,1.233264023193634
15.55,normal,1.1309999999999993,0.0,1.2,0.15310422799034468,1000000000.0,1.233550618415523,184.49174167548978,44.85173262016881,1.2,0.021990109789171382,1.233550618415523
15.600000000000001,normal,1.1520000000000001,0.0,1.2,0.1534048750730715,1000000000.0,1.2338008381672367,184.49193801853775,44.95423007933466,1.2,0.025015088332544122,1.2338008381672367
15.65,normal,1.1729999999999992,0.0,1.2,0.15371961260476463,1000000000.0,1.2339955805014744,184.4921728668223,45.056719317427195,1.2,0.02790991017015556,1.2339955805014744
15.700000000000001,normal,1.194,0.0,1.2,0.1540309401688629,1000000000.0,1.2341216023937371,184.49243531077897,45.15921630277404,1.2,0.029984975401327725,1.2341216023937371
15.75,normal,1.214999999999999,0.0,1.2,0.1543255539136321,1000000000.0,1.234172225793723,184.4927086652343,45.261736316243514,1.2,0.03096808505609273,1.234172225793723
15.8,normal,1.2360000000000007,0.0,1.2,0.15459492586043777,1000000000.0,1.234147452973609,184.49297676880795,45.3642939490765,1.2,0.03095012959940204,1.234147452973609
15.850000000000001,normal,1.2569999999999997,0.0,1.2,0.15483482211932506,1000000000.0,1.2340535233319154,184.49322900810665,45.46690308372468,1.2,0.030253347067762427,1.2340535233319154
15.9,normal,1.2779999999999996,0.0,1.2,0.15504445852680507,1000000000.0,1.2339019831755542,184.49346263860258,45.569576870264875,1.2,0.029307587762393623,1.2339019831755542
15.950000000000001,normal,1.2989999999999995,0.0,1.2,0.15522558202980502,1000000000.0,1.2337083719614619,184.4936821057142,45.67232770546559,1.2,0.02850044546879793,1.2337083719614619
16.0,normal,1.3199999999999994,0.0,1.2,0.15538158318281026,1000000000.0,1.233490652241152,184.493896105428,45.77516721488089,1.2,0.02804168882808044,1.233490652241152
16.05,normal,1.3410000000000002,0.0,1.2,0.1555166877701641,1000000000.0,1.2332675251838243,184.49411373497378,45.87810623336459,1.2,0.02793953983389541,1.2332675251838243
16.1,normal,1.3619999999999992,0.0,1.2,0.15563525897496522,1000000000.0,1.2330567779456767,184.4943411458727,45.98115477781455,1.2,0.028086268789108713,1.2330567779456767
16.150000000000002,normal,1.383000000000001,0.0,1.2,0.15574123284177163,1000000000.0,1.2328738023067602,184.49457970401937,46.08432200795401,1.2,0.028337855029250385,1.2328738023067602
16.2,normal,1.403999999999999,0.0,1.2,0.15583770115313436,1000000000.0,1.2327304055365744,184.4948260011152,46.187616175436595,1.2,0.02851277434396281,1.2327304055365744
16.25,normal,1.4249999999999998,0.0,1.2,0.15592664702095255,1000000000.0,1.2326340051562565,184.4950734054833,46.29104456666735,1.2,0.02841978638775458,1.2326340051562565
16.3,normal,1.4459999999999997,0.0,1.2,0.15600883021664005,1000000000.0,1.2325872614085913,184.4953143965077,46.39461344849795,1.2,0.02800797848175906,1.2325872614085913
16.35,normal,1.4669999999999994,0.0,1.2,0.15608381163076265,1000000000.0,1.2325881585455194,184.4955428004658,46.49832802694734,1.2,0.027405280337031785,1.2325881585455194
16.400000000000002,normal,1.4880000000000002,0.0,1.2,0.1561500990315086,1000000000.0,1.2326305031982723,184.49575522379155,46.602192426866175,1.2,0.026781197074682895,1.2326305031982723
16.45,normal,1.5089999999999997,0.0,1.2,0.156205389556903,1000000000.0,1.2327047700079112,184.49595135624676,46.70620969567746,1.2,0.02622363279327151,1.2327047700079112
16.5,normal,1.5299999999999994,0.0,1.2,0.1562468787489224,1000000000.0,1.232799195579518,184.49613323832733,46.81038182852633,1.2,0.025740947148336357,1.232799195579518
16.55,normal,1.5509999999999993,0.0,1.2,0.1562716023333858,1000000000.0,1.2329010044892272,184.49630391051684,46.91470980721319,1.2,0.025297555743152195,1.2329010044892272
16.6,normal,1.572,0.0,1.2,0.15627677613950144,1000000000.0,1.2329976465479942,184.4964659964598,47.019193642679475,1.2,0.024828075327144948,1.2329976465479942
16.650000000000002,normal,1.5929999999999997,0.0,1.2,0.1562601018680286,1000000000.0,1.2330779321008385,184.49662070308827,47.123832411248856,1.2,0.024247128757779672,1.2330779321008385
16.7,normal,1.6139999999999992,0.0,1.2,0.15622001168546423,1000000000.0,1.233132969752095,184.4967675032048,47.22862427798883,1.2,0.023469432447671735,1.233132969752095
16.75,normal,1.6350000000000005,0.0,1.2,0.1561558322559637,1000000000.0,1.2331568356972336,184.49690449611327,47.33356650535123,1.2,0.022434391374757112,1.2331568356972336
16.8,normal,1.656,0.0,1.2,0.15606785794708983,1000000000.0,1.2331469327124684,184.49702921804302,47.43865545022044,1.2,0.02112387168247532,1.2331469327124684
16.85,normal,1.6769999999999996,0.0,1.2,0.15595733252350225,1000000000.0,1.2331040268895939,184.49713956322307,47.543886556318895,1.2,0.019570703181405615,1.2331040268895939
16.900000000000002,normal,1.6980000000000004,0.0,1.2,0.15582634761258923,1000000000.0,1.233031978903596,184.49723449620427,47.649254350763954,1.2,0.017869220436772894,1.233031978903596
16.95,normal,1.7189999999999992,0.0,1.2,0.15567767364665716,1000000000.0,1.232937211937037,184.4973143572397,47.75475245325899,1.2,0.016251672199213845,1.232937211937037
17.0,normal,1.7399999999999987,0.0,1.2,0.155514544170437,1000000000.0,1.2328279787636973,184.497380727422,47.86037360434776,1.2,0.01507425221524461,1.2328279787636973
17.05,normal,1.7609999999999995,0.0,1.2,0.15534041700355655,1000000000.0,1.2327135046936035,184.49743596707208,47.96610971615097,1.2,0.014135265854573018,1.2327135046936035
17.1,normal,1.7820000000000007,0.0,1.2,0.15515873577431222,1000000000.0,1.2326030902402023,184.4974826251027,48.071951945910925,1.2,0.013253784920144526,1.2326030902402023
17.150000000000002,normal,1.8030000000000002,0.0,1.2,0.1549727131046755,1000000000.0,1.232505257041589,184.49752292282102,48.177890790197516,1.2,0.01241241729163926,1.232505257041589
17.2,normal,1.8239999999999987,0.0,1.2,0.1547851527421873,1000000000.0,1.2324270128308232,184.49755845519016,48.283916196132495,1.2,0.011633117887540987,1.2324270128308232
17.25,normal,1.8449999999999998,0.0,1.2,0.1545983228120325,1000000000.0,1.2323732968226786,184.49759015716953,48.39001768544585,1.2,0.010953625038437217,1.2323732968226786
17.3,normal,1.8659999999999994,0.0,1.2,0.1544138867141506,1000000000.0,1.2323466471675182,184.4976184891467,48.49618448726032,1.2,0.010391057927533504,1.2323466471675182
17.35,normal,1.8870000000000002,0.0,1.2,0.1542328925668309,1000000000.0,1.232347109133398,184.49764373339366,48.60240567576845,1.2,0.009903014193348754,1.232347109133398
17.400000000000002,normal,1.9079999999999997,0.0,1.2,0.15405581695568044,1000000000.0,1.2323723788397127,184.49766627748772,48.70867030905043,1.2,0.009433640842490865,1.2323723788397127
17.45,normal,1.9289999999999994,0.0,1.2,0.15388265443232949,1000000000.0,1.2324181552008113,184.49768678802945,48.81496756503913,1.2,0.008963172075395901,1.2324181552008113
17.5,normal,1.9499999999999993,0.0,1.2,0.15371304095922794,1000000000.0,1.232478654510109,184.4977062324243,48.92128687018775,1.2,0.008496309368871182,1.232478654510109
17.55,normal,1.971,0.0,1.2,0.1535463974552186,1000000000.0,1.2325472294987743,184.49772576541693,49.02761801604346,1.2,0.008060270842553709,1.2325472294987743
17.6,normal,1.9919999999999998,0.0,1.2,0.15338207881716745,1000000000.0,1.232617028660954,184.49774654009963,49.13395125902797,1.2,0.008216369602305835,1.232617028660954
17.650000000000002,normal,2.012999999999999,0.0,1.2,0.15321951426207053,1000000000.0,1.2326816322457435,184.49776951854207,49.24027739950948,1.2,0.00888326048382136,1.2326816322457435
17.7,normal,2.033999999999999,0.0,1.2,0.15305832647367607,1000000000.0,1.2327356079289908,184.49779534454473,49.346587837742064,1.2,0.009513722181643008,1.2327356079289908
17.75,normal,2.0549999999999997,0.0,1.2,0.15289841969974888,1000000000.0,1.2327749405937236,184.49782430943668,49.45287460623956,1.2,0.01007047931957085,1.2327749405937236
17.8,normal,2.0759999999999996,0.0,1.2,0.15274003040185524,1000000000.0,1.2327973053372165,184.49785640534603,49.55913038027493,1.2,0.010556852065600973,1.2327973053372165
17.85,normal,2.0969999999999995,0.0,1.2,0.15258373799767,1000000000.0,1.232802169147316,184.49789143222395,49.665348470044265,1.2,0.011000419278982387,1.232802169147316
17.900000000000002,normal,2.1180000000000003,0.0,1.2,0.15243043728301003,1000000000.0,1.232790723076669,184.4979291132156,49.77152279927868,1.2,0.011436978372614943,1.232790723076669
17.95,normal,2.1389999999999985,0.0,1.2,0.15228127789024545,1000000000.0,1.232765661796339,184.49796917882853,49.87764787556419,1.2,0.011884578058759178,1.232765661796339
18.0,normal,2.1599999999999993,0.0,1.2,0.1521375793032646,1000000000.0,1.232730839980038,184.49801139873233,49.98371875736091,1.2,0.012332331292470976,1.232730839980038
18.05,normal,2.181000000000001,0.0,1.2,0.15200073232980799,1000000000.0,1.2326908441850488,184.49805556255473,50.08973102187991,1.2,0.012753392225982357,1.2326908441850488
18.1,normal,2.202,0.0,1.2,0.15187209963818213,1000000000.0,1.232650524183308,184.49810142938162,50.19568073684252,1.2,0.013119889511671742,1.232650524183308
18.150000000000002,normal,2.223,0.0,1.2,0.15175292967592743,1000000000.0,1.232614528801923,184.49814867425403,50.30156443797736,1.2,0.013408965880784557,1.232614528801923
18.2,normal,2.243999999999998,0.0,1.2,0.15164430209744806,1000000000.0,1.232586888339124,184.49819685734525,50.40737911310156,1.2,0.013604242000131883,1.232586888339124
18.25,normal,2.2649999999999997,0.0,1.2,0.15154713521918034,1000000000.0,1.232570678955148,184.49824543019793,50.51312219287294,1.2,0.013696422959576493,1.232570678955148
18.3,normal,2.2860000000000005,0.0,1.2,0.15146232958206246,1000000000.0,1.232567794847831,184.4982937784299,50.61879154777772,1.2,0.013683708678662837,1.232567794847831
18.35,normal,2.3069999999999995,0.0,1.2,0.15139128464385815,1000000000.0,1.2325788425273725,184.49834128724007,50.72438549055107,1.2,0.013571579515053287,1.2325788425273725
18.400000000000002,normal,2.328000000000001,0.0,1.2,0.15133762304112447,1000000000.0,1.2326031592912359,184.49838740906097,50.82990278292338,1.2,0.013371523694051524,1.2326031592912359
18.45,normal,2.3489999999999993,0.0,1.2,0.1513113973012925,1000000000.0,1.2326389462964682,184.4984317134552,50.93534264528164,1.2,0.013098648950269302,1.2326389462964682
18.5,normal,2.369999999999999,0.0,1.2,0.15132309693280085,1000000000.0,1.2326834965592741,184.4984739066835,51.04070476753211,1.2,0.012768600846614186,1.2326834965592741
18.55,normal,2.391,0.0,1.2,0.1513609009983563,1000000000.0,1.2327334906763703,184.49851381907771,51.14598931920399,1.2,0.012394598555563097,1.2327334906763703
18.6,normal,2.412,0.0,1.2,0.1514095738877331,1000000000.0,1.2327853286309194,184.49855136848586,51.2511969567267,1.2,0.01198548605391904,1.2327853286309194
18.650000000000002,normal,2.4330000000000007,0.0,1.2,0.15146248755924602,1000000000.0,1.2328354649216005,184.49858651435315,51.3563288259186,1.2,0.011545363466035163,1.2328354649216005
18.7,normal,2.453999999999999,0.0,1.2,0.1515167727593188,1000000000.0,1.2328807162832018,184.4986192178995,51.46138655806821,1.2,0.011074739383919606,1.2328807162832018
18.75,normal,2.4749999999999996,0.0,1.2,0.1515708969750013,1000000000.0,1.2329185159954814,184.49864941975494,51.56637225853837,1.2,0.01057257776639999,1.2329185159954814
18.8,normal,2.4959999999999996,0.0,1.2,0.15162396081011817,1000000000.0,1.2329470955310151,184.49867703931568,51.67128848748983,1.2,0.010038390817968947,1.2329470955310151
18.85,normal,2.5170000000000003,0.0,1.2,0.15167547618097424,1000000000.0,1.2329655822776313,184.49870199266067,51.77613823299081,1.2,0.009473673686327833,1.2329655822776313
18.900000000000002,normal,2.5380000000000003,0.0,1.2,0.15172527643422445,1000000000.0,1.2329740104616496,184.49872422051544,51.88092487734219,1.2,0.008882346941614758,1.2329740104616496
18.95,normal,2.5589999999999993,0.0,1.2,0.15177346042075565,1000000000.0,1.2329732504155702,184.49874371584102,51.98565215782945,1.2,0.008270367904821488,1.2329732504155702
19.0,normal,2.579999999999999,0.0,1.2,0.1518203409427668,1000000000.0,1.2329648683038135,184.49876054223517,52.09032412328591,1.2,0.007645210656232834,1.2329648683038135
19.05,normal,2.600999999999999,0.0,1.2,0.151866389360375,1000000000.0,1.232950933813262,184.4987748384155,52.19494508784203,1.2,0.007016338427160246,1.232950933813262
19.1,normal,2.622,0.0,1.2,0.1519121758959086,1000000000.0,1.2329337967733442,184.49878680894142,52.29951958310022,1.2,0.00639809128505468,1.2329337967733442
19.150000000000002,normal,2.6430000000000007,0.0,1.2,0.15195830827460624,1000000000.0,1.232915855019284,184.49879670536933,52.4040523097843,1.2,0.005814842909736674,1.232915855019284
19.200000000000003,normal,2.6639999999999997,0.0,1.2,0.15200537251083088,1000000000.0,1.2328993350658006,184.49880480408424,52.508548089730944,1.2,0.005292127929549688,1.2328993350658006
19.25,normal,2.6849999999999987,0.0,1.2,0.15205387982480922,1000000000.0,1.232886104510444,184.4988113867884,52.61301181895094,1.2,0.004825585864541449,1.232886104510444
19.3,normal,2.7059999999999995,0.0,1.2,0.15210422323374084,1000000000.0,1.2328775308882343,184.4988167275193,52.71744842240145,1.2,0.004397126460866726,1.2328775308882343
19.35,normal,2.7270000000000003,0.0,1.2,0.15215664650178812,1000000000.0,1.2328743964292634,184.4988210871075,52.82186281105747,1.2,0.004000984780379762,1.2328743964292634
19.400000000000002,normal,2.748000000000001,0.0,1.2,0.15221122700604856,1000000000.0,1.2328768723826127,184.4988247132918,52.92625984182482,1.2,0.0036397088453609173,1.2328768723826127
19.450000000000003,normal,2.769,0.0,1.2,0.15226787282487517,1000000000.0,1.2328845508390827,184.49882784314673,53.030644280770645,1.2,0.0033192295478371553,1.2328845508390827
19.5,normal,2.789999999999999,0.0,1.2,0.15232633312685837,1000000000.0,1.232896526850035,184.49883070439262,53.13502077004653,1.2,0.003056240858159664,1.232896526850035
19.55,normal,2.811,0.0,1.2,0.15238621986916545,1000000000.0,1.2329115195472518,184.4988335133508,53.239393798746214,1.2,0.0029200587489050336,1.2329115195472518
19.6,normal,2.8320000000000007,0.0,1.2,0.15244703801068518,1000000000.0,1.2329280182334812,184.49883646915563,53.3437676777895,1.2,0.0030262218988042415,1.2329280182334812
19.650000000000002,normal,2.8529999999999998,0.0,1.2,0.15250822097400812,1000000000.0,1.2329444381929011,184.498839745594,53.44814651877771,1.2,0.0033288215953219706,1.2329444381929011
19.700000000000003,normal,2.8740000000000006,0.0,1.2,0.15256916796794884,1000000000.0,1.2329592712619148,184.49884348299406,53.55253421664453,1.2,0.003680024559554358,1.2329592712619148
19.75,normal,2.8949999999999996,0.0,1.2,0.1526292799823023,1000000000.0,1.2329712178537569,184.49884778264837,53.656934435837734,1.2,0.004027804234732015,1.2329712178537569
19.8,normal,2.9160000000000004,0.0,1.2,0.15268799172936112,1000000000.0,1.2329792898781924,184.49885270542657,53.761350599714824,1.2,0.004354732876317489,1.2329792898781924
19.85,normal,2.9369999999999994,0.0,1.2,0.15274479745428163,1000000000.0,1.2329828774935843,184.49885827490445,53.86578588280745,1.2,0.004652744350518891,1.2329828774935843
19.900000000000002,normal,2.958,0.0,1.2,0.15279926928525986,1000000000.0,1.2329817764882205,184.49886448401256,53.970243205595786,1.2,0.0049182656275610056,1.2329817764882205
19.950000000000003,normal,2.979000000000001,0.0,1.2,0.152851067565567,1000000000.0,1.2329761769280323,184.4988713033349,54.07472523142259,1.2,0.005150536904479215,1.2329761769280323
20.0,normal,3.0,0.0,1.2,0.15289994333483667,1000000000.0,1.2329666171815297,184.49887868898875,54.179234365164874,1.2,0.005350526252385001,1.2329666171815297
20.05,normal,3.020999999999999,0.0,1.2,0.15294573375276954,1000000000.0,1.232953910255557,184.4988865884767,54.28377275327085,1.2,0.005520044256489128,1.232953910255557
20.1,normal,3.042,0.0,1.2,0.15298835174658892,1000000000.0,1.2329390513444285,184.49889494378183,54.388342284771426,1.2,0.005661053212267812,1.2329390513444285
20.150000000000002,normal,3.0630000000000006,0.0,1.2,0.15302777149168817,1000000000.0,1.2329231164990555,184.49890369194088,54.49294459289754,1.2,0.005775210618940671,1.2329231164990555
20.200000000000003,normal,3.0840000000000014,0.0,1.2,0.15306401149531956,1000000000.0,1.2329071623450425,184.49891276406132,54.59758105698741,1.2,0.005863648656343765,1.2329071623450425
20.25,normal,3.1049999999999986,0.0,1.2,0.15309711705168957,1000000000.0,1.232892135891695,184.49892208405402,54.70225280445065,1.2,0.005926946578141583,1.232892135891695
20.3,normal,3.1259999999999994,0.0,1.2,0.15312714369084537,1000000000.0,1.2328788018267558,184.498931568201,54.806960712666154,1.2,0.005965229402868024,1.2328788018267558
20.35,normal,3.1470000000000002,0.0,1.2,0.15315414297982816,1000000000.0,1.232867692492835,184.49894112619438,54.91170541081391,1.2,0.005978326680870664,1.232867692492835
20.400000000000002,normal,3.168000000000001,0.0,1.2,0.15317815168599108,1000000000.0,1.23285908323574,184.4989506636779,55.01648728176423,1.2,0.0059659402006181405,1.23285908323574
20.450000000000003,normal,3.189,0.0,1.2,0.15319918491568665,1000000000.0,1.2328529932585373,184.49896008581248,55.121306464253614,1.2,0.0059277891140231695,1.2328529932585373
20.5,normal,3.209999999999999,0.0,1.2,0.15321723343396793,1000000000.0,1.2328492097509374,184.49896930111973,55.226162855654664,1.2,0.005863718896531781,1.2328492097509374
20.55,normal,3.231,0.0,1.2,0.15323226498693554,1000000000.0,1.2328473310979267,184.49897822487807,55.331056115688575,1.2,0.005773774059410903,1.2328473310979267
20.6,normal,3.2520000000000007,0.0,1.2,0.15324422911733376,1000000000.0,1.232846823557323,184.49898678159153,55.435985671432604,1.2,0.0056582427052122835,1.232846823557323
20.650000000000002,normal,3.2729999999999997,0.0,1.2,0.15325306470812997,1000000000.0,1.2328470850210895,184.49899490640198,55.540950723943496,1.2,0.005517684221302723,1.2328470850210895
20.700000000000003,normal,3.2940000000000005,0.0,1.2,0.15325870932200175,1000000000.0,1.2328475093595506,184.49900254562777,55.64595025675732,1.2,0.005352950955028951,1.2328475093595506
20.75,normal,3.3149999999999995,0.0,1.2,0.1532611093321193,1000000000.0,1.232847545346542,184.49900965679257,55.75098304644425,1.2,0.0051652121044161075,1.232847545346542
20.8,normal,3.3360000000000003,0.0,1.2,0.15326022985833915,1000000000.0,1.2328467451778826,184.49901620851426,55.856047675300324,1.2,0.004955984217489948,1.2328467451778826
20.85,normal,3.3569999999999993,0.0,1.2,0.1532560636226556,1000000000.0,1.2328447989864124,184.49902218049328,55.96114254615487,1.2,0.004727168055318506,1.2328447989864124
20.900000000000002,normal,3.378,0.0,1.2,0.15324863800282812,1000000000.0,1.2328415533622956,184.4990275636388,56.066265899167774,1.2,0.004481086933667476,1.2328415533622956
20.950000000000003,normal,3.399000000000001,0.0,1.2,0.1532380197738247,1000000000.0,1.232837013539748,184.4990323601928,56.17141583039184,1.2,0.00422051894590644,1.232837013539748
21.0,normal,3.42,0.0,1.2,0.153224317261814,1000000000.0,1.2328313304538558,184.49903658361546,56.27659031178691,1.2,0.003948717482347697,1.2328313304538558
21.05,normal,3.440999999999999,0.0,1.2,0.15320767987334136,1000000000.0,1.2328247751705836,184.49904025801013,56.38178721230183,1.2,0.0036694229324017594,1.2328247751705836
21.1,normal,3.4619999999999997,0.0,1.2,0.15318829518329896,1000000000.0,1.2328177041502482,184.49904341697362,56.48700431959028,1.2,0.0033868796513175,1.2328177041502482
21.150000000000002,normal,3.4830000000000005,0.0,1.2,0.15316638395253268,1000000000.0,1.2328105193604093,184.49904610190958,56.59223936190376,1.2,0.0031058668237561792,1.2328105193604093
21.200000000000003,normal,3.5040000000000013,0.0,1.2,0.15314219358669784,1000000000.0,1.232803627390809,184.4990483599837,56.69749002970839,1.2,0.002831676669600312,1.232803627390809
21.25,normal,3.5249999999999986,0.0,1.2,0.1531159906343303,1000000000.0,1.2327974014631717,184.49905024198125,56.80275399660317,1.2,0.0025697703142250556,1.2327974014631717
21.3,normal,3.5459999999999994,0.0,1.2,0.1530880529511853,1000000000.0,1.2327921496295484,184.49905180032948,56.90802893917148,1.2,0.002324750164439144,1.2327921496295484
21.35,normal,3.567,0.0,1.2,0.1530586621316694,1000000000.0,1.2327880915982619,184.49905308747788,57.01331255546956,1.2,0.0020991208071440832,1.2327880915982619
21.400000000000002,normal,3.588000000000001,0.0,1.2,0.153028096733217,1000000000.0,1.2327853456171576,184.49905415471457,57.1186025819378,1.2,0.0018935541553278111,1.2327853456171576
21.450000000000003,normal,3.609,0.0,1.2,0.15299662670562184,1000000000.0,1.2327839257866957,184.4990550513828,57.223896808606796,1.2,0.0017094683222548895,1.2327839257866957
21.5,normal,3.629999999999999,0.0,1.2,0.15296450929727157,1000000000.0,1.232783749173057,184.49905582437646,57.32919309255138,1.2,0.0015528703977272735,1.232783749173057
21.55,normal,3.651,0.0,1.2,0.15293198655760332,1000000000.0,1.2327846512328762,184.49905651776135,57.43448936961826,1.2,0.0014325407893580795,1.2327846512328762
21.6,normal,3.6720000000000006,0.0,1.2,0.1528992844037526,1000000000.0,1.2327864074144503,184.4990571723918,57.539783664510665,1.2,0.0013529100690824404,1.2327864074144503
21.650000000000002,normal,3.6929999999999996,0.0,1.2,0.1528666130818913,1000000000.0,1.232788758407686,184.49905782544903,57.645074099356215,1.2,0.0014485912006997233,1.232788758407686
21.700000000000003,normal,3.7140000000000004,0.0,1.2,0.15283416874072742,1000000000.0,1.2327914363913934,184.49905850990191,57.750358900910086,1.2,0.0015599606791105195,1.2327914363913934
21.75,normal,3.7349999999999994,0.0,1.2,0.1528021357538371,1000000000.0,1.2327941897601684,184.49905925395035,57.855636406555426,1.2,0.0016748163492596537,1.2327941897601684
21.8,normal,3.7560000000000002,0.0,1.2,0.15277068938357832,1000000000.0,1.232796804169167,184.49906008054396,57.960905069260306,1.2,0.001790830461095971,1.232796804169167
21.85,normal,3.7769999999999992,0.0,1.2,0.15273999837360946,1000000000.0,1.2327991182611293,184.49906100706815,58.06616346163526,1.2,0.001905826135978179,1.2327991182611293
21.900000000000002,normal,3.798,0.0,1.2,0.15271022708798515,1000000000.0,1.232801033072373,184.4990620452586,58.17141027921314,1.2,0.0020175441917230008,1.232801033072373
21.950000000000003,normal,3.819000000000001,0.0,1.2,0.15268153687805888,1000000000.0,1.2328025147852928,184.49906320136284,58.27664434304491,1.2,0.0021238516802366734,1.2328025147852928
22.0,normal,3.84,0.0,1.2,0.15265408644787665,1000000000.0,1.2328035911388082,184.49906447652123,58.381864601675545,1.2,0.002222951174906133,1.2328035911388082
22.05,normal,3.8609999999999984,0.0,1.2,0.1526280310966262,1000000000.0,1.2328043423680977,184.49906586731092,58.48707013253531,1.2,0.002313450356626967,1.2328043423680977
22.1,normal,3.8819999999999997,0.0,1.2,0.15260352083458467,1000000000.0,1.2328048879765288,184.4990673663818,58.59226014275669,1.2,0.002394304757018492,1.2328048879765288
22.150000000000002,normal,3.9030000000000005,0.0,1.2,0.15258069748787842,1000000000.0,1.2328053709173412,184.49906896312132,58.69743396940804,1.2,0.0024647032324229797,1.2328053709173412
22.200000000000003,normal,3.9240000000000013,0.0,1.2,0.15255969101801764,1000000000.0,1.232805940868598,184.49907064430295,58.802591079121996,1.2,0.002523966457488951,1.232805940868598
22.25,normal,3.9449999999999985,0.0,1.2,0.15254061537518773,1000000000.0,1.2328067382270265,184.49907239469567,58.907731067091284,1.2,0.002571500006028839,1.2328067382270265
22.3,normal,3.9659999999999993,0.0,1.2,0.15252356427048816,1000000000.0,1.2328078802439395,184.49907419763176,59.01285365540578,1.2,0.0026068048037914387,1.2328078802439395
22.35,normal,3.987,0.0,1.2,0.15250860728308047,1000000000.0,1.2328094504105147,184.49907603553905,59.11795869071108,1.2,0.0026295202298848627,1.2328094504105147
22.400000000000002,normal,4.008000000000001,0.0,1.2,0.1524957867071063,1000000000.0,1.232811491808972,184.49907789044704,59.22304614117972,1.2,0.002639469871803406,1.232811491808972
22.450000000000003,normal,4.029,0.0,1.2,0.1524851154873034,1000000000.0,1.2328140047229355,184.49907974446822,59.32811609279885,1.2,0.002636690384956587,1.2328140047229355
22.5,normal,4.049999999999999,0.0,1.2,0.15247657649442228,1000000000.0,1.2328169483860627,184.49908158024823,59.433168744991576,1.2,0.002621437164193844,1.2328169483860627
22.55,normal,4.071,0.0,1.2,0.15247012326131953,1000000000.0,1.2328202463800377,184.4990833813718,59.53820440560137,1.2,0.0025941692717363725,1.2328202463800377
22.6,normal,4.0920000000000005,0.0,1.2,0.15246568215398232,1000000000.0,1.2328237949009329,184.49908513270884,59.64322348527978,1.2,0.002555519756878165,1.2328237949009329
22.650000000000002,normal,4.1129999999999995,0.0,1.2,0.15246315580868092,1000000000.0,1.232827472916844,184.49908682068838,59.74822649132534,1.2,0.0025062581872197414,1.232827472916844
22.700000000000003,normal,4.134,0.0,1.2,0.15246242754695577,1000000000.0,1.2328311531491607,184.49908843349607,59.8532140210273,1.2,0.002447251561526835,1.2328311531491607
22.75,normal,4.154999999999999,0.0,1.2,0.15246336639998853,1000000000.0,1.2328347128238581,184.49908996119927,59.95818675457163,1.2,0.0023794285500246225,1.2328347128238581
22.8,normal,4.176,0.0,1.2,0.1524658323413385,1000000000.0,1.2328380432474086,184.49909139581112,60.063145447567535,1.2,0.0023037504691618724,1.2328380432474086
22.85,normal,4.196999999999999,0.0,1.2,0.15246968134160582,1000000000.0,1.2328410574462203,184.49909273130874,60.16809092325467,1.2,0.0022211906873504488,1.2328410574462203
22.900000000000002,normal,4.218,0.0,1.2,0.15247476991267378,1000000000.0,1.2328436953456003,184.49909396361878,60.273024064450375,1.2,0.0021327224237231387,1.2328436953456003
22.950000000000003,normal,4.239000000000001,0.0,1.2,0.15248095889027624,1000000000.0,1.2328459262280898,184.49909509057986,60.3779458052979,1.2,0.0020393132963574317,1.2328459262280898
23.0,normal,4.26,0.0,1.2,0.1524881162981219,1000000000.0,1.2328477484755138,184.49909611188488,60.482857122876666,1.2,0.0019419236871812053,1.2328477484755138
23.05,normal,4.280999999999999,0.0,1.2,0.1524961192320779,1000000000.0,1.2328491868405038,184.49909702899973,60.58775902873781,1.2,0.0018415053771919684,1.2328491868405038
23.1,normal,4.302,0.0,1.2,0.15250485478939754,1000000000.0,1.2328502876919145,184.49909784505354,60.69265256043051,1.2,0.0017389976246968343,1.2328502876919145
23.150000000000002,normal,4.323,0.0,1.2,0.1525142201393003,1000000000.0,1.2328511128205935,184.49909856469418,60.79753877308728,1.2,0.0016353206400192776,1.2328511128205935
23.200000000000003,normal,4.344000000000001,0.0,1.2,0.1525241218840454,1000000000.0,1.2328517324695896,184.4990991939073,60.90241873113891,1.2,0.0015313711701260143,1.2328517324695896
23.25,normal,4.364999999999998,0.0,1.2,0.1525344748930179,1000000000.0,1.2328522182649841,184.499099739801,61.00729350023211,1.2,0.001428029669408274,1.2328522182649841
23.3,normal,4.385999999999999,0.0,1.2,0.1525452008070257,1000000000.0,1.2328526366746806,184.49910021036442,61.11216413942354,1.2,0.0013261898227703759,1.2328526366746806
23.35,normal,4.407,0.0,1.2,0.15255622640774064,1000000000.0,1.2328530435225247,184.49910061421252,61.21703169372279,1.2,0.0012268168742997,1.2328530435225247
23.400000000000002,normal,4.428000000000001,0.0,1.2,0.15256748203067322,1000000000.0,1.2328534799473079,184.49910096032895,61.32189718705384,1.2,0.001131032932479056,1.2328534799473079
23.450000000000003,normal,4.449,0.0,1.2,0.1525789001720977,1000000000.0,1.2328539700361092,184.49910125782108,61.426761615698396,1.2,0.0010402186484153567,1.2328539700361092
23.5,normal,4.469999999999999,0.0,1.2,0.15259041440437113,1000000000.0,1.232854520195168,184.4991015156948,61.53162594227588,1.2,0.0009561185882908536,1.232854520195168
23.55,normal,4.491,0.0,1.2,0.15260195867338852,1000000000.0,1.2328551201641793,184.49910174265676,61.636491090303934,1.2,0.0008810155852538049,1.2328551201641793
23.6,normal,4.5120000000000005,0.0,1.2,0.1526134670099181,1000000000.0,1.2328557454446494,184.49910194694502,61.74135793937014,1.2,0.0008188318560429185,1.2328557454446494
23.650000000000002,normal,4.5329999999999995,0.0,1.2,0.15262487364636795,1000000000.0,1.232856360809598,184.4991021361895,61.84622732093119,1.2,0.0007824913753172548,1.232856360809598
23.700000000000003,normal,4.554,0.0,1.2,0.15263611349495498,1000000000.0,1.2328569244966414,184.49910231730007,61.95110001474136,1.2,0.0007852691380622366,1.2328569244966414
23.75,normal,4.574999999999999,0.0,1.2,0.15264712291453592,1000000000.0,1.2328573926616153,184.49910249638228,62.055976745897325,1.2,0.0008060309525836923,1.2328573926616153
23.8,normal,4.596,0.0,1.2,0.15265784067319849,1000000000.0,1.2328577236839091,184.49910267867935,62.16085818247436,1.2,0.0008333110510091713,1.2328577236839091
23.85,normal,4.616999999999999,0.0,1.2,0.15266820900292757,1000000000.0,1.2328578819628735,184.49910286854063,62.26574493371751,1.2,0.0008635478949243977,1.2328578819628735
23.900000000000002,normal,4.638,0.0,1.2,0.15267817464154512,1000000000.0,1.2328578409197315,184.49910306941496,62.3706375487444,1.2,0.0008948772340814017,1.2328578409197315
23.950000000000003,normal,4.659000000000001,0.0,1.2,0.152687689764959,1000000000.0,1.2328575850124541,184.4991032838686,62.47553651571158,1.2,0.0009260847771894326,1.2328575850124541
24.0,normal,4.68,0.0,1.2,0.15269671272843666,1000000000.0,1.2328571106723742,184.49910351362382,62.580442261394985,1.2,0.0009563285472609584,1.2328571106723742
24.05,normal,4.700999999999999,0.0,1.2,0.15270520855722497,1000000000.0,1.232856426171434,184.4991037596147,62.68535515113778,1.2,0.000984998763712408,1.232856426171434
24.1,normal,4.7219999999999995,0.0,1.2,0.15271314915226292,1000000000.0,1.232854435498454,184.86672492861152,62.785073298558665,1.2,0.563281737650802,1.232854435498454
24.150000000000002,normal,4.743,0.0,1.2,0.1540618383141167,1000000000.0,1.232847011442947,185.16631065278415,62.88122285000926,1.2,0.5494732312430128,1.232847011442947
24.200000000000003,normal,4.764000000000001,0.0,1.2,0.15669493270091403,1000000000.0,1.2200199051801524,185.3921744876373,62.97572694563894,1.2,0.5369204158837134,1.2200199051801524
24.25,normal,4.785,0.0,1.2,0.1604766484184895,1000000000.0,1.2023932474242889,185.55691046211479,63.06961978855009,1.2,0.5260256331697033,1.2023932474242889
24.3,normal,4.805999999999999,0.0,1.2,0.1652907287900534,1000000000.0,1.1852013494191813,185.69257348075337,63.162744356495466,1.2,0.5156128042353,1.1852013494191813
24.35,normal,4.827,0.0,1.2,0.17107973260797207,1000000000.0,1.1708287547693947,185.84237203116527,63.25467743279913,1.2,0.5026656337758801,1.1708287547693947
24.400000000000002,normal,4.848000000000001,0.0,1.2,0.17788132448617439,1000000000.0,1.1613147385303444,186.0362901064478,63.34570017934977,1.2,0.4968516614637893,1.1613147385303444
24.450000000000003,normal,4.869,0.0,1.2,0.185799305417093,1000000000.0,1.157837451873879,186.26353041470415,63.43681196270637,1.2,0.6091492329952625,1.157837451873879
24.5,normal,4.889999999999999,0.0,1.2,0.19489878125685361,1000000000.0,1.1603738631246046,186.47679386843188,63.52883346878731,1.2,0.6359009768792128,1.1603738631246046
24.55,normal,4.911,0.0,1.2,0.20513321239136456,1000000000.0,1.1677749271562434,186.63502395802794,63.62197845446528,1.2,0.5738881361163394,1.1677749271562434
24.6,normal,4.932,0.0,1.2,0.21637051547505518,1000000000.0,1.1782213531097885,186.73480274085767,63.71608252879288,1.2,0.4608139122900406,1.1782213531097885
24.650000000000002,normal,4.952999999999999,0.0,1.2,0.22845363912694544,1000000000.0,1.1897838759459982,186.79795916695025,63.81096030722772,1.2,0.36029115630504316,1.1897838759459982
24.700000000000003,normal,4.974,0.0,1.2,0.24123374087039742,1000000000.0,1.197148155996018,186.84464325464396,63.9066154063518,1.2,0.36102051842033644,1.197148155996018
24.75,normal,4.994999999999999,0.0,1.2,0.2545734822366409,1000000000.0,1.2046470717925057,186.8842433195468,64.00322438997841,1.2,0.35501854016528817,1.2046470717925057
24.8,normal,5.016,0.0,1.2,0.26833750696509945,1000000000.0,1.2145400518781015,186.92094826190885,64.10099973923585,1.2,0.32828694891782606,1.2145400518781015
24.85,normal,5.036999999999999,0.0,1.2,0.2823829129836544,1000000000.0,1.2201050997343126,187.3063870156815,64.19510756168427,1.2,0.7343209495994897,1.2201050997343126
24.900000000000002,normal,5.058,0.0,1.2,0.296541180062179,1000000000.0,1.2203629759457146,187.64414251288588,64.28860544720604,1.2,0.728377197657772,1.2203629759457146
24.950000000000003,normal,5.079000000000001,0.0,1.2,0.310766201164252,1000000000.0,1.2215075725108646,187.7134473934201,64.38388287017582,1.2,0.4348147302402148,1.2215075725108646
25.0,normal,5.1,0.0,1.2,0.32495852310622875,1000000000.0,1.2234522802396197,187.7924672547176,64.48091074122644,1.2,0.4691241653050926,1.2234522802396197
25.05,normal,5.121,0.0,1.2,0.3389772993210771,1000000000.0,1.223409253759253,187.87196529775986,64.57958028673212,1.2,0.46557070876270173,1.223409253759253
25.1,normal,5.1419999999999995,0.0,1.2,0.3526882997345033,1000000000.0,1.2178843182034151,187.9418000979604,64.67955718369267,1.2,0.42798377038698165,1.2178843182034151
25.150000000000002,normal,5.163,0.0,1.2,0.365949332120289,1000000000.0,1.2175829029236434,188.33427852129773,64.77393871041004,1.2,0.8328693749036866,1.2175829029236434
25.200000000000003,normal,5.184000000000001,0.0,1.2,0.3773087176951634,1000000000.0,1.2218472568468077,188.7136389641638,64.86392099774717,1.2,0.8432875775454647,1.2218472568468077
25.25,normal,5.205,0.0,1.2,0.3867112813380998,1000000000.0,1.2296062766341913,189.06288717338313,64.95310508280046,1.2,0.8420306565480236,1.2296062766341913
25.3,normal,5.225999999999999,0.0,1.2,0.3941363214693319,1000000000.0,1.2341986635179458,189.3767081504231,65.04496379242502,1.2,0.8283271660269025,1.2341986635179458
25.35,compressed,5.247,0.0,1.2,0.7307968211286128,1000000000.0,1.2382490286921322,190.4368461039826,65.1200252711595,1.2,1.8964079451953413,1.2382490286921322
25.400000000000002,compressed,5.268000000000001,0.0,1.2,0.7310752131911922,1000000000.0,1.2375405017275591,191.60149600616938,65.17428878357023,1.2,2.0354674454159865,1.2375405017275591
25.450000000000003,column,5.289,0.0,1.2,0.8812549918883628,1000000000.0,1.2310020295591284,192.85151415567725,65.21933030774676,1.2,2.131102761330247,1.2310020295591284
